url_length,num_dots,num_hyphens,num_underscores,num_slashes,num_at_sign,num_question_marks,num_equals,num_percent,num_ampersands,num_digits_in_url,has_ip_address,has_https,url_entropy,num_subdomains,domain_length,has_suspicious_tld,path_length,query_length,has_suspicious_words,suspicious_word_count,num_hex_encoding,has_double_slash_in_path,has_at_in_netloc,domain_has_digits,has_login_form,has_password_field,has_iframe,has_meta_redirect,num_external_links,form_action_external,num_scripts,has_hidden_elements,domain_age_days,has_ssl,ssl_valid,domain_resolves,label
30,1,0,0,5,0,0,0,0,0,0,0,1,4.0029,0,4,0,14,0,0,0,0,0,0,0,0,0,0,0,16,0,5,0,4253,1,1,1,0
96,3,2,0,5,0,0,0,3,0,15,0,1,4.8893,2,18,0,52,0,1,3,1,0,0,1,1,1,0,0,0,0,4,0,87,1,1,1,1
128,4,1,1,5,0,1,4,18,3,31,0,0,5.1291,3,19,0,34,41,1,3,6,0,0,1,1,0,1,1,3,1,7,0,55,0,0,1,1
40,1,0,0,5,0,0,0,0,0,0,0,1,4.0348,0,9,0,19,0,0,0,0,0,0,0,1,1,0,0,16,0,13,0,4716,1,1,1,0
23,1,0,0,3,0,0,0,0,0,0,0,1,3.8164,0,7,0,4,0,0,0,0,0,0,0,1,0,0,0,17,0,7,0,4761,1,1,1,0
132,5,2,0,5,0,1,1,0,0,41,1,1,5.1692,2,10,0,84,10,1,3,0,0,0,1,1,1,1,0,3,0,2,1,35,1,0,1,1
41,2,0,0,5,0,0,0,0,0,0,0,1,4.1107,1,9,0,15,0,0,0,0,0,0,0,0,1,0,0,4,0,11,0,2775,1,1,1,0
122,1,1,2,5,0,1,1,0,0,32,0,1,5.2065,0,16,1,81,10,1,1,0,0,0,1,1,1,0,0,0,0,5,0,16,1,1,0,1
40,2,0,0,5,0,0,0,0,0,0,0,1,3.6222,1,3,0,21,0,0,0,0,0,0,0,0,0,0,0,6,0,8,0,1032,1,1,1,0
20,1,0,0,3,0,0,0,0,0,0,0,1,3.3087,0,7,0,1,0,0,0,0,0,0,0,1,0,0,0,17,0,8,0,2397,1,1,1,0
71,3,1,1,5,0,0,0,0,0,9,0,1,4.9351,2,8,0,38,0,1,3,0,0,0,1,1,1,1,1,5,1,2,1,48,1,0,1,1
46,2,1,0,4,0,0,0,6,0,6,0,1,4.4123,1,14,1,11,0,1,2,2,0,0,1,1,1,0,0,1,1,5,0,89,1,0,1,1
93,1,0,0,4,0,1,5,0,4,31,0,1,4.7974,0,8,0,12,61,1,1,0,0,0,1,0,0,0,1,1,1,7,1,5,1,0,1,1
33,1,0,0,4,0,0,0,0,0,0,0,1,3.87,0,7,0,14,0,0,0,0,0,0,0,0,0,0,0,4,0,14,0,855,1,1,1,0
19,1,0,0,3,0,0,0,0,0,0,0,1,3.5369,0,6,0,1,0,0,0,0,0,0,0,0,0,0,0,12,0,10,0,458,1,1,1,0
71,2,1,0,4,1,1,2,0,1,15,0,0,4.863,1,20,0,13,20,1,2,0,0,0,1,1,1,0,0,3,1,6,0,7,0,0,1,1
37,1,0,0,4,0,0,0,0,0,0,0,1,3.8615,0,7,0,18,0,0,0,0,0,0,0,0,0,0,0,19,0,13,0,846,1,1,1,0
35,2,0,0,4,0,0,0,0,0,0,0,1,4.036,1,4,0,14,0,0,0,0,0,0,0,1,0,0,0,12,0,7,0,4367,1,1,1,0
128,3,3,1,5,0,1,3,0,2,35,0,0,5.0353,2,13,1,60,28,1,3,0,0,0,1,1,0,1,1,0,0,2,0,51,0,0,0,1
25,1,0,0,3,0,0,0,0,0,0,0,1,3.8635,0,8,0,5,0,0,0,0,0,0,0,0,0,0,0,11,0,14,0,1326,1,1,1,0
85,2,2,1,5,0,0,0,6,0,21,0,1,4.9769,1,8,1,56,0,1,2,2,0,0,1,1,1,0,0,4,0,6,1,11,1,1,1,1
25,1,0,0,3,0,0,0,0,0,0,0,1,3.9435,0,8,0,5,0,0,0,0,0,0,0,0,0,0,0,9,0,11,0,2324,1,1,1,0
38,1,0,0,4,0,1,1,0,0,4,0,1,4.1658,0,6,0,12,8,0,0,0,0,0,0,0,0,0,0,13,0,4,0,3425,1,1,1,0
98,4,0,0,5,0,0,0,0,0,16,0,1,4.7219,3,7,1,58,0,1,3,0,1,0,1,1,1,0,0,0,0,8,1,46,1,0,1,1
44,2,0,0,4,0,1,1,0,0,4,0,1,4.4706,1,9,0,10,8,0,0,0,0,0,0,0,0,0,0,12,0,9,0,2787,1,1,1,0
30,1,0,0,4,0,0,0,0,0,0,0,1,3.8151,0,6,0,12,0,0,0,0,0,0,0,1,0,0,0,20,0,11,0,2022,1,1,1,0
145,5,0,2,5,0,1,2,12,1,42,1,0,5.2107,2,10,0,89,20,1,2,4,1,0,1,1,1,0,0,4,1,8,0,82,0,0,1,1
122,5,3,1,5,0,1,1,3,0,24,0,1,5.1067,4,15,1,57,10,1,5,1,0,0,1,1,1,0,0,1,1,7,0,27,1,0,1,1
20,1,0,0,3,0,0,0,0,0,0,0,1,3.5842,0,7,0,1,0,0,0,0,0,0,0,0,0,0,0,10,0,9,0,3449,1,1,1,0
36,1,0,0,5,0,0,0,0,0,0,0,1,3.8163,0,5,0,19,0,0,0,0,0,0,0,1,0,0,0,14,0,12,0,3790,1,1,1,0
99,1,1,0,5,0,1,2,0,1,24,0,0,5.05,0,11,0,53,24,1,1,0,0,0,1,1,1,0,0,5,1,1,1,31,0,0,1,1
40,2,0,0,3,0,1,1,0,0,3,0,1,4.2587,1,9,0,8,7,0,0,0,0,0,0,0,0,0,0,6,0,13,0,4386,1,1,1,0
75,5,0,0,4,0,1,1,18,0,11,0,0,4.7808,4,11,0,13,10,1,5,6,0,0,1,1,1,0,1,3,1,8,1,64,0,0,1,1
47,2,0,0,5,0,1,1,0,0,4,0,1,4.4613,1,7,0,15,8,0,0,0,0,0,0,0,0,0,0,16,0,14,0,4335,1,1,1,0
23,1,0,0,3,0,0,0,0,0,0,0,1,3.7951,0,6,0,5,0,0,0,0,0,0,0,0,0,0,0,6,0,6,0,1207,1,1,1,0
35,1,0,0,5,0,0,0,0,0,0,0,1,3.6687,0,6,0,17,0,0,0,0,0,0,0,1,0,0,0,6,0,10,0,945,1,1,1,0
16,1,0,0,3,0,0,0,0,0,0,0,1,3.4528,0,3,0,1,0,0,0,0,0,0,0,0,0,0,0,14,0,9,0,1989,1,1,1,0
54,1,0,0,4,0,1,2,0,1,16,0,0,4.787,0,11,1,13,20,1,1,0,0,0,1,1,0,1,0,5,0,2,1,11,0,0,1,1
32,2,0,0,3,0,0,0,0,0,0,0,1,3.6914,1,10,0,5,0,0,0,0,0,0,0,0,0,0,0,17,0,12,0,4719,1,1,1,0
34,1,0,0,5,0,0,0,0,0,0,0,1,3.8307,0,7,0,15,0,0,0,0,0,0,0,1,0,0,0,11,0,6,0,1105,1,1,1,0
29,1,0,0,4,0,0,0,0,0,0,0,1,3.8664,0,6,0,11,0,0,0,0,0,0,0,1,1,0,0,5,0,12,0,1309,1,1,1,0
171,3,2,3,5,0,1,5,0,4,42,0,0,5.1426,2,18,0,66,62,1,2,0,0,0,1,1,1,1,0,2,1,1,0,86,0,0,1,1
112,3,2,1,5,0,1,1,0,0,24,0,1,5.065,2,11,1,63,10,1,3,0,0,0,1,1,1,0,0,3,1,2,1,56,1,0,0,1
29,1,0,0,5,0,0,0,0,0,0,0,1,3.8799,0,3,0,14,0,0,0,0,0,0,0,0,0,0,0,14,0,13,0,2170,1,1,1,0
155,2,6,3,5,0,1,3,0,2,47,0,0,5.1714,1,13,1,90,35,1,2,0,0,0,1,0,1,1,0,5,1,2,0,21,0,0,1,1
28,1,0,0,3,0,1,1,0,0,4,0,1,4.3249,0,7,0,1,8,0,0,0,0,0,0,0,0,0,0,12,0,10,0,2386,1,1,1,0
40,2,0,0,3,0,1,1,0,0,4,0,1,4.2873,1,7,0,8,8,0,0,0,0,0,0,1,0,0,0,2,0,6,0,2053,1,1,1,0
43,2,0,0,4,0,1,1,0,0,4,0,1,4.4258,1,9,0,9,8,0,0,0,0,0,0,1,0,0,0,16,0,8,0,583,1,1,1,0
92,1,2,2,5,0,0,0,0,0,13,0,1,4.9176,0,15,1,65,0,1,1,0,0,0,0,0,1,0,0,5,0,1,1,23,1,0,1,1
93,3,0,0,4,0,1,5,0,4,40,1,1,4.7512,0,10,1,14,57,1,1,0,0,0,1,1,0,1,1,2,0,4,0,77,1,0,1,1
25,2,0,0,3,0,0,0,0,0,0,0,1,3.7533,1,7,0,1,0,0,0,0,0,0,0,1,0,0,0,6,0,5,0,3130,1,1,1,0
108,1,2,2,5,0,0,0,0,0,20,0,1,5.0664,0,26,0,70,0,1,1,0,0,0,1,1,0,1,0,5,1,3,1,21,1,1,1,1
61,3,1,0,4,0,0,0,0,0,7,0,1,4.6277,2,22,0,12,0,1,3,0,0,1,1,1,0,1,1,2,1,1,0,65,1,0,1,1
137,3,1,1,5,0,1,4,12,3,37,0,0,5.2054,2,18,1,55,40,1,3,4,0,0,1,1,1,1,1,1,0,5,1,4,0,0,1,1
87,2,1,0,4,0,1,4,0,3,24,0,1,5.0677,1,17,1,13,39,1,2,0,0,0,1,0,1,0,1,2,1,3,0,80,1,0,1,1
26,1,0,0,3,0,0,0,0,0,0,0,1,3.8403,0,6,0,8,0,0,0,0,0,0,0,0,0,0,0,11,0,5,0,4171,1,1,1,0
36,1,0,0,5,0,0,0,0,0,0,0,1,4.0697,0,6,0,18,0,0,0,0,0,0,0,1,1,0,0,8,0,6,0,3717,1,1,1,0
100,4,0,0,4,0,1,5,0,4,29,0,0,4.8313,3,8,1,12,48,1,4,0,1,1,1,1,1,0,0,3,0,8,0,26,0,0,1,1
33,1,0,0,4,0,0,0,3,0,6,0,1,4.332,0,10,1,11,0,1,1,1,0,1,1,1,1,0,1,5,0,5,1,60,1,1,1,1
29,1,0,0,4,0,0,0,0,0,0,0,1,3.837,0,7,0,10,0,0,0,0,0,0,0,0,0,0,0,12,0,9,0,2661,1,1,1,0
19,1,0,0,3,0,0,0,0,0,0,0,1,3.3919,0,6,0,1,0,0,0,0,0,0,0,0,0,0,0,6,0,13,0,4250,1,1,1,0
118,3,1,0,5,0,1,4,0,3,30,0,0,5.0974,2,11,1,36,47,1,3,0,0,0,1,1,0,0,0,2,1,3,0,42,0,0,1,1
49,2,1,0,4,0,0,0,0,0,6,0,1,4.5327,1,17,1,13,0,1,2,0,1,0,1,1,1,0,1,4,0,2,1,64,1,1,1,1
123,3,1,1,5,0,1,1,9,0,38,1,0,5.0925,0,10,0,90,12,1,1,3,0,0,1,1,1,0,0,1,0,3,0,6,0,0,1,1
134,2,3,0,5,0,1,2,0,1,34,0,0,5.138,1,16,1,75,24,1,2,0,1,0,1,1,0,0,0,3,0,6,0,89,0,0,1,1
97,4,2,2,5,1,0,0,0,0,13,0,1,4.7151,3,19,1,45,0,1,3,0,0,0,1,1,0,1,0,5,1,1,0,9,1,0,0,1
56,3,1,0,4,1,0,0,0,0,6,0,0,4.3603,2,18,0,13,0,1,3,0,0,0,1,1,1,1,1,5,0,4,1,43,0,0,1,1
128,4,1,2,5,0,0,0,0,0,22,0,0,5.085,3,7,0,89,0,1,3,0,0,0,1,1,1,0,0,2,1,4,1,35,0,0,1,1
152,3,2,1,5,0,1,2,0,1,35,0,1,5.1834,2,25,0,80,20,1,3,0,1,1,1,1,1,1,0,0,1,7,1,43,1,0,1,1
30,1,0,0,3,0,1,1,0,0,4,0,1,4.1647,0,9,0,1,8,0,0,0,0,0,0,0,0,0,0,10,0,5,0,3411,1,1,1,0
26,1,0,0,4,0,0,0,0,0,0,0,1,3.6714,0,3,0,11,0,0,0,0,0,0,0,0,0,0,0,18,0,4,0,4503,1,1,1,0
81,1,0,0,5,0,1,2,12,1,18,0,1,5.0449,0,11,1,35,24,1,1,4,0,0,1,1,1,1,1,2,1,7,1,62,1,0,0,1
183,5,2,0,5,0,1,4,0,3,45,0,1,5.1465,4,20,1,74,46,1,3,0,0,0,1,1,1,0,1,4,0,2,1,25,1,1,1,1
103,5,1,2,5,0,1,1,15,0,23,1,1,5.0084,2,10,0,56,10,1,3,5,0,0,1,1,0,0,0,5,0,7,1,77,1,1,1,1
44,2,0,0,5,0,0,0,0,0,0,0,1,4.1701,1,9,0,18,0,0,0,0,0,0,0,1,0,0,0,17,0,11,0,3730,1,1,1,0
138,3,0,1,5,0,1,4,6,3,37,0,0,5.0819,2,7,0,66,40,1,2,2,0,0,1,1,1,1,1,2,0,8,1,48,0,0,1,1
40,3,0,0,4,0,1,1,0,0,17,1,0,4.3153,0,10,1,13,9,1,1,0,0,0,1,1,1,1,0,2,1,5,1,72,0,0,1,1
74,2,1,0,4,1,1,2,0,1,16,0,0,4.7357,1,15,0,13,27,1,2,0,0,0,1,0,1,1,1,2,0,8,0,43,0,0,1,1
76,4,1,0,4,0,1,2,0,1,15,0,1,4.8841,3,11,0,11,21,1,4,0,0,0,1,0,0,1,1,3,0,2,0,68,1,0,1,1
36,1,0,0,5,0,0,0,0,0,0,0,1,4.0487,0,9,0,15,0,0,0,0,0,0,0,0,0,0,0,13,0,12,0,2948,1,1,1,0
35,1,0,0,3,0,1,1,0,0,4,0,1,4.1859,0,7,0,8,8,0,0,0,0,0,0,0,0,0,0,10,0,14,0,4289,1,1,1,0
36,2,0,0,5,0,0,0,0,0,0,0,1,3.9302,1,6,0,13,0,0,0,0,0,0,0,0,0,0,0,6,0,4,0,462,1,1,1,0
18,1,0,0,3,0,0,0,0,0,0,0,1,3.5724,0,5,0,1,0,0,0,0,0,0,0,1,0,0,0,3,0,11,0,3538,1,1,1,0
68,5,1,0,4,0,0,0,0,0,8,0,0,4.6417,4,18,0,13,0,1,4,0,0,1,1,1,1,0,0,4,1,8,0,9,0,0,1,1
171,4,2,1,5,0,1,5,0,4,39,0,0,5.2337,3,12,1,76,50,1,2,0,0,0,0,1,1,0,1,4,1,5,1,13,0,0,1,1
140,3,1,1,5,1,1,4,0,3,36,0,0,5.1522,2,12,1,61,41,1,3,0,1,0,0,1,0,0,0,0,0,7,1,84,0,0,0,1
141,4,4,0,5,0,1,1,15,0,18,0,0,5.0118,3,17,0,82,10,1,4,5,0,0,1,1,1,1,0,5,1,8,0,72,0,0,1,1
175,2,1,2,5,0,1,4,0,3,49,0,1,5.1468,1,15,0,94,47,1,2,0,0,0,1,1,1,1,0,4,0,6,0,77,1,0,1,1
45,3,0,0,4,0,0,0,3,0,6,0,1,4.2583,2,7,0,11,0,1,3,1,0,0,1,1,1,0,1,0,0,3,1,16,1,0,1,1
31,2,0,0,3,0,0,0,0,0,0,0,1,4.1069,1,13,0,1,0,0,0,0,0,0,0,0,0,0,0,8,0,9,0,2325,1,1,1,0
43,2,0,0,5,0,0,0,0,0,0,0,1,4.0338,1,5,0,22,0,0,0,0,0,0,0,0,0,0,0,13,0,14,0,3721,1,1,1,0
34,1,0,0,4,0,0,0,0,0,0,0,1,3.9957,0,7,0,15,0,0,0,0,0,0,0,0,0,0,0,16,0,14,0,4285,1,1,1,0
34,1,0,0,5,0,0,0,0,0,0,0,1,4.0767,0,5,0,17,0,0,0,0,0,0,0,0,0,0,0,17,0,15,0,3488,1,1,1,0
91,7,0,0,4,0,1,3,0,2,28,1,1,4.8029,4,10,0,12,31,1,4,0,0,0,1,1,1,0,0,0,0,5,1,9,1,0,1,1
45,2,0,0,5,0,0,0,0,0,0,0,1,3.9944,1,5,0,23,0,0,0,0,0,0,0,1,0,0,0,9,0,3,0,2058,1,1,1,0
59,3,2,0,4,1,0,0,0,0,5,0,1,4.4649,2,14,1,20,0,1,3,0,0,0,1,1,0,0,0,3,0,5,0,65,1,0,1,1
98,6,2,1,5,0,0,0,0,0,22,1,1,4.9476,3,10,1,56,0,1,2,0,0,0,1,1,1,0,0,1,1,5,0,42,1,0,1,1
35,1,0,0,3,0,1,1,0,0,3,0,1,4.0716,0,7,0,9,7,0,0,0,0,0,0,0,0,0,0,10,0,9,0,2188,1,1,1,0
29,1,0,0,4,0,0,0,0,0,0,0,1,3.7025,0,7,0,10,0,0,0,0,0,0,0,0,1,0,0,9,0,5,0,4151,1,1,1,0
25,1,0,0,3,0,1,1,0,0,4,0,1,4.3737,0,4,0,1,8,0,0,0,0,0,0,1,0,0,0,3,0,7,0,3470,1,1,1,0
52,1,0,0,5,0,1,1,0,0,4,0,1,4.2292,0,6,0,26,8,0,0,0,0,0,0,0,0,0,0,10,0,4,0,3629,1,1,1,0
56,2,1,0,4,0,0,0,0,0,6,0,0,4.5596,1,25,0,12,0,1,2,0,0,0,1,1,1,1,1,3,1,6,1,76,0,0,1,1
30,1,0,0,3,0,0,0,0,0,0,0,1,3.8981,0,9,0,9,0,0,0,0,0,0,0,1,0,0,0,6,0,15,0,1238,1,1,1,0
20,1,0,0,3,0,0,0,0,0,0,0,1,3.7464,0,7,0,1,0,0,0,0,0,0,0,0,0,0,0,15,0,11,0,3472,1,1,1,0
36,1,0,0,4,0,1,1,0,0,4,0,1,4.5033,0,6,0,10,8,0,0,0,0,0,0,0,1,0,0,11,0,6,0,2434,1,1,1,0
30,1,0,0,5,0,0,0,0,0,0,0,1,3.7777,0,5,0,13,0,0,0,0,0,0,0,0,0,0,0,3,0,14,0,1496,1,1,1,0
33,1,0,0,5,0,0,0,0,0,0,0,1,3.4385,0,3,0,18,0,0,0,0,0,0,0,0,0,0,0,20,0,14,0,2175,1,1,1,0
59,7,0,0,4,0,0,0,0,0,13,1,0,4.3645,4,10,1,12,0,1,4,0,0,0,1,0,1,0,0,3,1,5,1,0,0,0,1,1
24,1,0,0,3,0,1,1,0,0,4,0,1,3.9906,0,3,0,1,8,0,0,0,0,0,0,0,0,0,0,3,0,12,0,3638,1,1,1,0
94,3,1,1,5,0,0,0,0,0,13,0,0,4.8773,2,16,0,54,0,1,3,0,1,0,1,1,1,0,0,1,0,3,0,45,0,0,1,1
41,2,0,0,3,0,1,1,0,0,4,0,1,4.2411,1,7,0,9,8,0,0,0,0,0,0,0,0,0,0,4,0,12,0,3821,1,1,1,0
43,1,0,0,4,0,1,1,0,0,4,0,1,4.3855,0,9,0,14,8,0,0,0,0,0,0,0,0,0,0,17,0,3,0,1102,1,1,1,0
111,5,1,1,5,0,1,1,0,0,20,0,1,4.9388,4,17,1,37,15,1,4,0,0,1,1,1,1,0,1,2,0,2,0,19,1,1,1,1
43,1,1,0,4,0,0,0,12,0,7,0,0,4.3945,0,17,1,12,0,1,1,4,1,0,1,0,1,0,0,1,0,3,0,43,0,0,1,1
37,2,0,0,4,0,0,0,0,0,0,0,1,3.9591,1,8,0,13,0,0,0,0,0,0,0,0,1,0,0,9,0,14,0,458,1,1,1,0
66,1,1,0,4,0,1,2,0,1,15,0,1,4.8227,0,18,0,12,24,1,1,0,0,0,1,1,1,0,0,0,0,6,1,53,1,0,1,1
115,3,3,3,5,0,0,0,0,0,19,0,1,5.0268,2,16,1,72,0,1,2,0,0,0,1,1,1,0,1,0,1,6,0,30,1,1,0,1
127,5,1,0,5,0,0,0,6,0,19,0,1,4.9635,4,11,0,73,0,1,4,2,0,1,1,1,1,0,1,5,1,4,0,50,1,0,1,1
105,3,2,1,5,0,1,2,12,1,30,0,1,5.0734,2,8,0,53,18,1,3,4,0,0,1,1,1,1,1,3,1,1,0,1,1,0,1,1
67,3,0,0,4,0,1,3,0,2,31,1,0,4.5172,0,10,1,12,33,1,1,0,1,1,1,0,0,0,1,1,0,5,0,51,0,0,1,1
27,1,0,0,3,0,1,1,0,0,4,0,1,4.0323,0,6,0,1,8,0,0,0,0,0,0,0,0,0,0,17,0,15,0,4596,1,1,1,0
109,1,3,1,5,0,0,0,0,0,31,0,1,5.0082,0,20,0,77,0,1,1,0,0,0,1,0,1,0,0,2,0,3,0,25,1,1,1,1
92,2,2,2,5,0,1,1,0,0,21,0,0,4.9816,1,8,0,53,12,1,2,0,0,0,1,0,1,0,0,3,1,5,0,41,0,0,1,1
44,2,0,0,4,0,1,1,0,0,4,0,1,4.4817,1,7,0,13,8,0,0,0,0,0,0,0,0,0,0,12,0,9,0,4711,1,1,1,0
71,3,2,0,5,0,0,0,0,0,13,0,1,4.8377,2,8,1,37,0,1,3,0,0,0,1,1,1,0,0,4,1,3,1,1,1,0,1,1
36,1,0,0,5,0,0,0,0,0,0,0,1,3.8611,0,6,0,18,0,0,0,0,0,0,0,1,1,0,0,6,0,13,0,3595,1,1,1,0
29,1,0,0,3,0,1,1,0,0,4,0,1,4.3232,0,8,0,1,8,0,0,0,0,0,0,0,0,0,0,13,0,15,0,3958,1,1,1,0
42,1,0,0,5,0,1,1,0,0,2,0,1,4.1689,0,5,0,19,6,0,0,0,0,0,0,0,0,0,0,5,0,15,0,3847,1,1,1,0
145,7,0,1,5,1,1,3,0,2,47,1,0,5.0986,4,10,1,67,29,1,5,0,0,0,1,1,1,0,1,4,1,5,1,79,0,0,1,1
27,1,0,0,3,0,1,1,0,0,4,0,1,4.2825,0,3,0,4,8,0,0,0,0,0,0,0,0,0,0,19,0,13,0,4254,1,1,1,0
26,2,0,0,3,0,0,0,0,0,0,0,1,3.7962,1,4,0,5,0,0,0,0,0,0,0,0,0,0,0,18,0,11,0,4521,1,1,1,0
114,3,2,4,5,0,1,2,0,1,40,1,0,5.0312,0,10,0,77,19,1,1,0,0,0,1,1,1,1,0,5,1,2,0,30,0,0,1,1
39,1,0,0,4,0,1,1,0,0,4,0,1,4.3236,0,6,0,13,8,0,0,0,0,0,0,0,0,0,0,5,0,6,0,1502,1,1,1,0
39,2,0,0,3,0,1,1,0,0,4,0,1,4.2849,1,10,0,5,8,0,0,0,0,0,0,0,0,0,0,6,0,6,0,2633,1,1,1,0
122,5,1,1,5,0,0,0,0,0,35,1,0,4.9819,2,10,0,86,0,1,3,0,0,0,1,1,1,0,1,5,1,4,0,48,0,0,1,1
109,5,1,0,5,0,1,2,0,1,20,0,0,5.0342,4,10,0,35,23,1,4,0,0,0,1,1,1,1,0,5,0,6,1,58,0,0,0,1
68,1,1,1,5,0,0,0,0,0,10,0,1,4.8298,0,15,0,41,0,1,1,0,0,0,1,1,0,0,0,0,1,1,1,8,1,1,0,1
24,2,0,0,3,0,0,0,0,0,0,0,1,3.8554,1,6,0,1,0,0,0,0,0,0,0,0,0,0,0,15,0,14,0,1314,1,1,1,0
129,5,3,0,5,0,1,2,0,1,22,0,0,5.0462,4,13,0,52,22,1,4,0,0,0,1,1,1,0,0,1,1,5,0,84,0,0,0,1
161,5,2,1,5,0,1,2,9,1,28,0,0,5.171,4,11,0,90,21,1,5,3,0,0,1,1,1,0,0,3,0,7,0,58,0,0,1,1
108,3,2,0,5,0,1,2,0,1,23,0,0,4.9627,2,13,1,50,22,1,3,0,0,1,1,1,0,0,0,0,0,7,1,89,0,0,1,1
106,4,2,0,5,0,0,0,0,0,25,0,1,4.9277,3,15,0,56,0,1,3,0,0,1,1,1,1,0,0,1,1,5,0,15,1,0,0,1
78,3,1,0,4,0,1,2,0,1,18,0,1,4.8271,2,19,0,11,20,1,3,0,0,0,1,1,0,1,0,1,1,1,0,36,1,0,1,1
35,1,0,0,5,0,0,0,0,0,0,0,1,3.976,0,9,0,14,0,0,0,0,0,0,0,0,0,0,0,18,0,13,0,2665,1,1,1,0
100,3,2,0,4,1,1,3,0,2,23,0,0,4.9338,2,18,0,20,35,1,2,0,0,0,1,0,0,1,0,2,1,3,1,32,0,0,1,1
40,2,1,0,4,0,0,0,0,0,4,0,1,4.2342,1,10,1,12,0,1,2,0,0,0,0,1,0,0,0,0,0,6,1,72,1,1,1,1
36,2,0,0,3,0,0,0,0,0,0,0,1,4.128,1,13,0,6,0,0,0,0,0,0,0,0,0,0,0,8,0,5,0,4783,1,1,1,0
141,5,1,2,5,0,0,0,0,0,33,0,1,5.1501,4,10,0,91,0,1,4,0,0,1,1,1,1,0,0,0,0,2,1,7,1,0,1,1
25,2,0,0,3,0,0,0,0,0,0,0,1,3.8635,1,7,0,1,0,0,0,0,0,0,0,0,0,0,0,18,0,6,0,2077,1,1,1,0
77,4,1,0,4,0,1,1,0,0,10,0,0,4.6525,3,21,1,13,11,1,3,0,0,0,1,1,0,1,0,0,1,5,1,24,0,0,1,1
34,2,0,0,4,0,0,0,0,0,0,0,1,3.9764,1,7,0,10,0,0,0,0,0,0,0,1,1,0,0,20,0,13,0,2237,1,1,1,0
31,1,0,0,3,0,1,1,0,0,4,0,1,4.1715,0,6,0,5,8,0,0,0,0,0,0,0,1,0,0,7,0,15,0,2884,1,1,1,0
69,3,2,0,4,0,0,0,0,0,7,0,0,4.6197,2,22,1,20,0,1,3,0,1,0,1,1,1,0,1,3,0,6,0,33,0,0,1,1
19,1,0,0,3,0,0,0,0,0,0,0,1,3.7871,0,3,0,4,0,0,0,0,0,0,0,1,0,0,0,12,0,5,0,3584,1,1,1,0
38,2,0,0,4,0,0,0,0,0,0,0,1,4.0702,1,7,0,14,0,0,0,0,0,0,0,1,0,0,0,19,0,7,0,4811,1,1,1,0
27,1,0,0,3,0,0,0,0,0,0,0,1,3.4858,0,10,0,5,0,0,0,0,0,0,0,0,0,0,0,20,0,4,0,425,1,1,1,0
19,1,0,0,3,0,0,0,0,0,0,0,1,3.5369,0,6,0,1,0,0,0,0,0,0,0,0,1,0,0,20,0,11,0,1572,1,1,1,0
52,2,1,0,4,0,0,0,18,0,5,0,0,4.6475,1,21,0,13,0,1,2,6,0,0,1,1,0,0,0,3,0,8,0,24,0,0,1,1
197,5,0,3,5,1,1,5,0,4,48,0,1,5.206,4,15,0,85,54,1,3,0,0,0,1,1,1,1,1,0,1,2,0,49,1,1,1,1
36,1,0,0,5,0,0,0,0,0,0,0,1,3.9512,0,9,0,15,0,0,0,0,0,0,0,0,0,0,0,6,0,5,0,3128,1,1,1,0
91,1,2,1,5,0,0,0,0,0,24,0,1,4.9529,0,12,0,67,0,1,1,0,0,0,1,1,1,0,0,5,1,3,0,2,1,0,1,1
30,1,0,0,3,0,1,1,0,0,4,0,1,4.1647,0,9,0,1,8,0,0,0,0,0,0,0,1,0,0,6,0,3,0,4873,1,1,1,0
25,1,0,0,4,0,0,0,0,0,0,0,1,3.8137,0,3,0,10,0,0,0,0,0,0,0,0,0,0,0,3,0,12,0,4300,1,1,1,0
34,1,0,0,3,0,1,1,0,0,4,0,1,4.3372,0,9,0,5,8,0,0,0,0,0,0,1,0,0,0,9,0,4,0,4145,1,1,1,0
102,7,0,0,4,0,1,4,0,3,34,1,1,4.8354,4,10,1,11,41,1,5,0,0,0,1,1,0,0,0,1,0,2,0,24,1,0,1,1
103,3,2,1,5,0,0,0,12,0,19,0,0,5.0345,2,16,1,64,0,1,3,4,0,0,1,1,1,1,1,0,1,3,1,16,0,0,1,1
29,1,0,0,3,0,0,0,0,0,0,0,1,3.604,0,9,0,8,0,0,0,0,0,0,0,1,0,0,0,10,0,11,0,4367,1,1,1,0
163,3,3,0,5,0,1,5,0,4,52,1,1,5.1002,0,10,0,82,61,1,1,0,0,0,1,1,1,1,1,2,1,7,0,58,1,0,1,1
45,2,0,0,4,0,0,0,0,0,6,0,0,4.4302,1,11,0,16,0,1,2,0,0,0,1,1,1,1,0,4,0,1,1,50,0,0,1,1
27,2,0,0,3,0,0,0,0,0,0,0,1,3.708,1,9,0,1,0,0,0,0,0,0,0,1,0,0,0,4,0,14,0,847,1,1,1,0
25,2,0,0,3,0,0,0,0,0,0,0,1,3.7493,1,7,0,1,0,0,0,0,0,0,0,0,1,0,0,16,0,8,0,3795,1,1,1,0
141,3,4,3,5,0,0,0,6,0,28,0,1,5.0797,2,21,1,92,0,1,3,2,0,0,1,1,1,1,0,5,1,8,0,58,1,0,1,1
51,2,1,0,4,0,0,0,0,0,5,0,1,4.5376,1,19,0,13,0,1,2,0,0,0,1,1,1,0,0,5,1,3,0,66,1,1,1,1
44,2,0,0,5,0,0,0,0,0,0,0,1,4.1381,1,9,0,18,0,0,0,0,0,0,0,1,0,0,0,13,0,11,0,1675,1,1,1,0
167,7,1,6,5,0,1,4,0,3,43,1,1,5.1588,4,10,1,76,42,1,4,0,0,1,1,1,1,1,1,4,1,2,0,66,1,0,1,1
24,1,0,0,3,0,0,0,0,0,0,0,1,3.7202,0,7,0,5,0,0,0,0,0,0,0,0,1,0,0,3,0,15,0,2949,1,1,1,0
27,1,0,0,4,0,0,0,0,0,0,0,1,3.9862,0,6,0,9,0,0,0,0,0,0,0,0,0,0,0,9,0,6,0,4260,1,1,1,0
34,1,0,0,3,0,1,1,0,0,4,0,1,4.396,0,5,0,9,8,0,0,0,0,0,0,0,0,0,0,3,0,15,0,2162,1,1,1,0
35,2,0,0,4,0,0,0,0,0,0,0,1,3.9077,1,5,0,13,0,0,0,0,0,0,0,0,0,0,0,20,0,6,0,2215,1,1,1,0
104,7,0,1,5,0,0,0,0,0,24,1,1,4.8199,4,10,0,56,0,1,4,0,0,0,1,1,0,1,0,3,1,1,0,12,1,1,1,1
154,4,2,1,5,0,1,2,0,1,36,0,0,5.2012,3,17,0,84,21,1,2,0,0,0,1,1,0,0,0,2,0,6,0,64,0,0,0,1
100,2,1,1,5,0,1,3,0,2,27,0,0,5.0601,1,11,1,42,31,1,2,0,0,0,1,1,1,0,0,2,0,7,1,25,0,0,1,1
31,2,0,0,4,0,0,0,0,0,0,0,1,3.889,1,4,0,11,0,0,0,0,0,0,0,1,0,0,0,17,0,14,0,3428,1,1,1,0
55,3,1,0,4,0,0,0,15,0,5,0,1,4.6808,2,18,0,12,0,1,3,5,0,0,1,1,1,0,0,3,0,5,1,7,1,0,1,1
45,2,0,0,4,0,1,1,0,0,4,0,1,4.3223,1,6,0,14,8,0,0,0,0,0,0,0,0,0,0,6,0,14,0,616,1,1,1,0
31,1,0,0,4,0,0,0,0,0,0,0,1,3.8087,0,5,0,14,0,0,0,0,0,0,0,0,0,0,0,11,0,14,0,3139,1,1,1,0
19,1,0,0,3,0,0,0,0,0,0,0,1,3.5766,0,6,0,1,0,0,0,0,0,0,0,0,0,0,0,6,0,11,0,856,1,1,1,0
46,5,0,0,4,0,0,0,0,0,15,1,0,4.4992,2,10,1,12,0,1,3,0,0,0,1,1,1,1,0,3,1,7,1,47,0,0,1,1
51,3,1,0,4,0,0,0,0,0,6,0,1,4.5004,2,14,1,13,0,1,3,0,0,0,1,1,1,0,0,3,0,1,0,18,1,1,0,1
71,1,2,0,5,0,0,0,0,0,14,0,1,4.8187,0,17,0,42,0,1,1,0,0,1,0,1,0,0,1,0,1,1,0,45,1,0,1,1
31,1,0,0,3,0,1,1,0,0,4,0,1,4.4137,0,7,0,4,8,0,0,0,0,0,0,0,1,0,0,3,0,4,0,4232,1,1,1,0
138,2,2,0,5,1,1,5,6,4,41,0,0,5.0498,1,17,0,46,58,1,2,2,0,0,1,1,1,0,1,5,0,1,0,73,0,0,1,1
33,2,0,0,4,0,0,0,0,0,0,0,1,4.1273,1,7,0,9,0,0,0,0,0,0,0,0,0,0,0,5,0,6,0,2791,1,1,1,0
16,1,0,0,3,0,0,0,0,0,0,0,1,3.1085,0,3,0,1,0,0,0,0,0,0,0,1,0,0,0,15,0,9,0,2412,1,1,1,0
143,4,0,2,5,0,1,4,0,3,49,1,1,5.1071,1,10,0,67,48,1,2,0,1,0,1,0,1,1,1,5,1,6,1,11,1,0,1,1
90,2,1,0,4,0,1,5,0,4,30,0,0,4.97,1,14,0,11,46,1,2,0,0,0,1,1,1,0,0,3,0,2,1,75,0,0,1,1
31,1,0,0,4,0,0,0,0,0,0,0,1,3.9865,0,9,0,10,0,0,0,0,0,0,0,0,0,0,0,6,0,14,0,4237,1,1,1,0
127,3,6,2,5,0,0,0,0,0,26,0,1,5.0217,2,21,1,78,0,1,3,0,1,1,1,1,1,1,0,4,0,1,1,31,1,0,1,1
156,1,2,0,5,0,1,5,0,4,52,0,1,5.1408,0,18,0,74,52,1,1,0,0,1,1,1,0,1,0,5,0,8,0,45,1,1,1,1
23,1,0,0,3,0,0,0,0,0,0,0,1,3.7251,0,7,0,4,0,0,0,0,0,0,0,0,0,0,0,14,0,14,0,711,1,1,1,0
19,1,0,0,3,0,0,0,0,0,0,0,1,3.3919,0,6,0,1,0,0,0,0,0,0,0,1,0,0,0,10,0,5,0,2128,1,1,1,0
42,1,0,0,4,0,1,1,0,0,4,0,1,4.1955,0,6,0,16,8,0,0,0,0,0,0,0,0,0,0,17,0,13,0,2964,1,1,1,0
31,2,0,0,4,0,0,0,0,0,0,0,1,3.9621,1,4,0,10,0,0,0,0,0,0,0,0,0,0,0,7,0,4,0,1154,1,1,1,0
20,1,0,0,3,0,0,0,0,0,0,0,1,3.6842,0,3,0,5,0,0,0,0,0,0,0,0,0,0,0,20,0,9,0,2866,1,1,1,0
167,3,3,1,5,0,1,4,0,3,37,0,1,5.1862,2,13,0,89,39,1,3,0,0,0,1,1,0,1,0,1,1,3,0,53,1,1,1,1
127,3,2,1,5,0,1,4,0,3,40,0,1,5.052,2,17,0,42,41,1,3,0,0,0,1,1,0,1,0,0,0,6,0,55,1,1,1,1
49,2,1,0,4,0,0,0,0,0,4,0,1,4.7168,1,18,1,13,0,1,2,0,0,0,0,0,1,0,0,0,0,5,0,15,1,1,1,1
179,4,0,2,5,0,1,5,0,4,46,0,1,5.2237,3,15,1,74,51,1,3,0,0,0,1,1,1,0,0,5,1,8,1,71,1,1,1,1
27,1,0,0,4,0,0,0,0,0,0,0,1,3.9862,0,5,0,10,0,0,0,0,0,0,0,1,0,0,0,7,0,11,0,4709,1,1,1,0
35,1,0,0,3,0,1,1,0,0,4,0,1,4.2034,0,7,0,8,8,0,0,0,0,0,0,0,0,0,0,10,0,7,0,4722,1,1,1,0
130,2,4,2,5,0,1,2,0,1,33,0,0,5.0444,1,10,0,84,17,1,1,0,0,0,1,1,1,0,0,0,0,2,1,84,0,0,1,1
117,1,4,2,5,0,0,0,0,0,26,0,0,5.1314,0,18,1,89,0,1,1,0,0,0,1,1,1,0,0,5,1,1,1,82,0,0,1,1
127,1,1,2,5,0,1,1,0,0,35,0,1,5.1963,0,17,0,88,10,1,1,0,1,0,1,1,0,0,0,4,1,4,0,73,1,0,0,1
27,1,0,0,3,0,1,1,0,0,4,0,1,4.1805,0,6,0,1,8,0,0,0,0,0,0,1,0,0,0,7,0,10,0,4104,1,1,1,0
86,6,0,0,4,1,1,3,0,2,31,1,1,4.6541,3,10,0,13,30,1,2,0,0,0,1,1,1,0,0,2,1,5,0,61,1,0,1,1
28,1,0,0,3,0,0,0,0,0,0,0,1,3.6106,0,7,0,9,0,0,0,0,0,0,0,0,1,0,0,8,0,14,0,4369,1,1,1,0
31,1,0,0,5,0,0,0,0,0,0,0,1,3.8457,0,6,0,13,0,0,0,0,0,0,0,0,0,0,0,12,0,6,0,2540,1,1,1,0
75,6,0,0,4,1,1,2,0,1,26,1,0,4.6583,3,10,0,12,21,1,3,0,0,0,1,1,0,1,1,1,1,5,1,3,0,0,1,1
36,1,0,0,5,0,0,0,0,0,0,0,1,4.1179,0,6,0,18,0,0,0,0,0,0,0,1,0,0,0,11,0,14,0,543,1,1,1,0
34,1,0,0,3,0,1,1,0,0,4,0,1,4.5503,0,13,0,1,8,0,0,0,0,0,0,0,0,0,0,2,0,14,0,1768,1,1,1,0
37,1,0,0,4,0,1,1,0,0,4,0,1,4.2293,0,7,0,10,8,0,0,0,0,0,0,0,0,0,0,12,0,11,0,805,1,1,1,0
59,3,1,0,4,0,0,0,0,0,6,0,0,4.5153,2,19,1,16,0,1,2,0,0,0,1,1,0,1,0,4,1,1,1,9,0,0,1,1
163,5,2,5,5,0,1,2,0,1,30,0,1,5.189,4,10,0,90,21,1,4,0,0,0,1,1,0,0,0,2,1,2,1,83,1,1,1,1
36,2,0,0,4,0,0,0,0,0,0,0,1,4.0934,1,6,0,13,0,0,0,0,0,0,0,0,0,0,0,19,0,5,0,929,1,1,1,0
79,4,0,0,4,1,1,3,0,2,19,0,1,4.7784,3,7,1,13,27,1,3,0,0,0,1,0,1,1,0,2,0,6,0,33,1,0,1,1
91,2,1,0,4,0,1,4,0,3,27,0,1,4.9858,1,17,1,14,41,1,2,0,0,0,1,1,1,1,0,0,0,5,0,43,1,1,1,1
28,1,0,0,4,0,0,0,0,0,0,0,1,3.8249,0,6,0,10,0,0,0,0,0,0,0,0,0,0,0,7,0,9,0,4873,1,1,1,0
36,1,0,0,5,0,0,0,0,0,0,0,1,3.8827,0,6,0,18,0,0,0,0,0,0,0,0,0,0,0,11,0,14,0,4388,1,1,1,0
16,1,0,0,3,0,0,0,0,0,0,0,1,3.4528,0,3,0,1,0,0,0,0,0,0,0,0,0,0,0,12,0,11,0,4754,1,1,1,0
38,2,0,0,5,0,0,0,0,0,0,0,1,4.0079,1,4,0,17,0,0,0,0,0,0,0,0,0,0,0,7,0,15,0,4771,1,1,1,0
23,1,0,0,3,0,0,0,0,0,0,0,1,3.8492,0,7,0,4,0,0,0,0,0,0,0,0,1,0,0,6,0,10,0,444,1,1,1,0
45,2,0,0,4,0,1,1,0,0,4,0,1,4.2937,1,7,0,13,8,0,0,0,0,0,0,0,0,0,0,17,0,15,0,995,1,1,1,0
133,5,4,0,5,0,0,0,3,0,17,0,1,4.9066,4,24,0,66,0,1,2,1,1,0,1,1,1,0,1,0,0,5,1,40,1,1,0,1
24,2,0,0,3,0,0,0,0,0,0,0,1,3.7721,1,7,0,1,0,0,0,0,0,0,0,0,1,0,0,19,0,5,0,3548,1,1,1,0
129,2,5,0,5,0,1,3,0,2,28,0,1,5.0302,1,12,1,65,33,1,2,0,0,0,1,1,1,0,0,1,0,5,0,27,1,1,0,1
127,4,0,1,5,0,1,5,3,4,46,1,1,5.0112,1,10,1,40,58,1,2,1,1,1,1,1,0,0,0,5,1,6,1,53,1,1,1,1
43,1,0,0,4,0,1,1,0,0,4,0,1,4.1236,0,7,0,16,8,0,0,0,0,0,0,0,0,0,0,2,0,13,0,4809,1,1,1,0
161,7,0,1,5,0,1,3,0,2,48,1,0,5.1468,4,10,0,80,33,1,4,0,0,0,1,1,1,0,0,5,1,6,1,27,0,0,1,1
28,1,0,0,3,0,0,0,0,0,0,0,1,3.655,0,7,0,9,0,0,0,0,0,0,0,0,0,0,0,3,0,5,0,3469,1,1,1,0
125,4,0,1,5,0,1,5,3,4,44,1,0,5.0523,1,10,0,41,57,1,2,1,0,0,1,0,1,0,0,2,1,3,0,54,0,0,1,1
137,4,1,0,5,0,1,2,12,1,30,0,1,5.1247,3,23,0,60,21,1,4,4,0,0,1,1,0,1,1,1,0,6,0,60,1,1,0,1
62,1,1,0,4,0,1,2,0,1,15,0,1,4.8166,0,18,0,11,21,1,1,0,1,0,1,0,1,0,0,0,1,4,1,30,1,1,1,1
162,4,2,4,5,1,1,5,18,4,42,0,0,5.1888,3,10,1,64,56,1,4,6,0,0,1,0,1,0,1,3,0,4,1,69,0,0,1,1
37,1,0,0,4,0,1,1,0,0,4,0,1,4.3446,0,7,0,10,8,0,0,0,0,0,0,0,0,0,0,15,0,11,0,4706,1,1,1,0
26,1,0,0,3,0,0,0,0,0,0,0,1,3.8253,0,6,0,8,0,0,0,0,0,0,0,0,0,0,0,12,0,13,0,793,1,1,1,0
46,1,0,0,5,0,1,1,0,0,3,0,1,4.2468,0,9,0,18,7,0,0,0,0,0,0,0,0,0,0,5,0,4,0,3647,1,1,1,0
137,2,1,3,5,1,1,1,0,0,34,0,1,5.2527,1,16,1,92,10,1,2,0,0,0,1,0,1,0,0,0,0,4,0,86,1,1,1,1
39,1,1,0,4,0,0,0,15,0,6,0,0,3.9861,0,9,1,20,0,1,1,5,0,0,1,1,1,1,1,1,1,7,0,46,0,0,1,1
69,4,1,0,4,0,0,0,0,0,9,0,1,4.6035,3,19,1,12,0,1,4,0,0,0,1,1,1,0,0,1,1,3,0,1,1,1,1,1
34,1,0,0,4,0,0,0,0,0,0,0,1,3.9254,0,9,0,13,0,0,0,0,0,0,0,1,0,0,0,14,0,3,0,4911,1,1,1,0
99,3,0,3,5,0,0,0,9,0,15,0,1,5.0255,2,10,0,62,0,1,3,3,0,1,1,1,1,0,1,5,0,6,1,35,1,1,1,1
24,1,0,0,3,0,0,0,0,0,0,0,1,3.8868,0,6,0,6,0,0,0,0,0,0,0,0,0,0,0,7,0,6,0,2413,1,1,1,0
62,2,0,0,4,0,1,2,12,1,15,0,1,4.7923,1,7,0,12,23,1,2,4,0,0,1,1,1,0,0,3,1,3,1,87,1,0,1,1
81,1,1,1,5,0,0,0,0,0,10,0,1,4.6819,0,15,0,54,0,1,1,0,0,0,1,1,1,1,0,0,1,1,0,88,1,1,1,1
94,5,1,0,5,1,0,0,3,0,14,0,1,4.8328,4,7,1,47,0,1,4,1,0,0,1,1,1,0,1,2,1,1,1,14,1,1,1,1
54,3,1,0,4,0,0,0,18,0,6,0,1,4.405,2,15,1,13,0,1,2,6,0,1,1,1,1,0,0,1,1,3,1,11,1,0,0,1
29,2,0,0,3,0,1,1,0,0,4,0,1,4.3492,1,3,0,1,8,0,0,0,0,0,0,0,1,0,0,3,0,9,0,2651,1,1,1,0
160,3,3,1,5,0,1,2,15,1,38,0,1,5.2294,2,15,0,94,25,1,2,5,0,0,1,1,1,0,0,5,1,7,0,23,1,1,0,1
38,1,0,0,5,0,0,0,0,0,0,0,1,3.8828,0,7,0,19,0,0,0,0,0,0,0,1,0,0,0,10,0,8,0,530,1,1,1,0
174,2,3,2,5,0,1,4,0,3,47,0,0,5.2209,1,14,0,97,45,1,2,0,0,0,1,0,0,1,1,0,1,2,0,43,0,0,1,1
109,1,4,0,5,0,0,0,0,0,25,0,1,4.9953,0,18,1,80,0,1,1,0,0,0,1,1,1,0,0,3,0,4,0,10,1,0,1,1
33,2,0,0,4,0,0,0,0,0,0,0,1,3.9226,1,5,0,11,0,0,0,0,0,0,0,0,1,0,0,8,0,3,0,2564,1,1,1,0
95,5,3,1,5,0,0,0,0,0,8,0,1,4.7983,4,15,0,40,0,1,4,0,0,0,1,1,1,0,0,5,1,7,1,78,1,0,1,1
17,1,0,0,3,0,0,0,0,0,0,0,1,3.5725,0,4,0,1,0,0,0,0,0,0,0,0,0,0,0,11,0,12,0,1059,1,1,1,0
55,3,0,0,4,0,0,0,3,0,6,0,1,4.2144,2,8,1,18,0,1,3,1,0,0,1,1,1,1,0,4,0,6,1,50,1,0,0,1
56,4,0,0,4,0,0,0,0,0,6,0,0,4.4237,3,11,0,13,0,1,4,0,0,0,1,1,1,0,1,0,0,2,0,45,0,0,1,1
150,4,4,2,5,0,1,3,0,2,28,0,0,5.2211,3,11,0,78,30,1,2,0,0,1,0,1,1,1,0,1,1,7,0,4,0,0,1,1
42,2,0,0,5,0,0,0,0,0,0,0,1,4.0377,1,7,0,18,0,0,0,0,0,0,0,1,1,0,0,12,0,9,0,1293,1,1,1,0
36,1,0,0,4,0,1,1,0,0,3,0,1,4.0378,0,7,0,10,7,0,0,0,0,0,0,0,0,0,0,4,0,10,0,1958,1,1,1,0
23,1,0,0,3,0,0,0,0,0,0,0,1,3.6425,0,7,0,4,0,0,0,0,0,0,0,1,0,0,0,2,0,14,0,4146,1,1,1,0
82,2,2,4,5,0,0,0,0,0,15,0,1,4.9932,1,13,0,50,0,1,2,0,0,0,1,1,0,1,1,0,0,7,0,25,1,0,1,1
20,1,0,0,3,0,0,0,0,0,0,0,1,3.5464,0,7,0,1,0,0,0,0,0,0,0,0,0,0,0,19,0,6,0,765,1,1,1,0
107,4,1,3,5,0,0,0,18,0,15,0,0,4.9995,3,17,1,58,0,1,4,6,0,0,1,0,1,0,0,4,0,7,0,4,0,0,0,1
20,1,0,0,3,0,0,0,0,0,0,0,1,3.5464,0,3,0,5,0,0,0,0,0,0,0,1,0,0,0,12,0,11,0,3516,1,1,1,0
20,1,0,0,3,0,0,0,0,0,0,0,1,3.7464,0,4,0,4,0,0,0,0,0,0,0,0,1,0,0,6,0,14,0,3093,1,1,1,0
70,5,1,0,4,1,0,0,0,0,6,0,0,4.4799,4,10,1,20,0,1,4,0,0,1,1,0,1,0,0,5,0,7,1,45,0,0,1,1
24,1,0,0,3,0,0,0,0,0,0,0,1,3.8554,0,7,0,5,0,0,0,0,0,0,0,0,0,0,0,12,0,5,0,4124,1,1,1,0
92,6,0,0,4,0,1,3,0,2,29,1,1,4.869,3,10,0,18,29,1,4,0,0,0,1,1,1,0,0,5,0,8,1,52,1,0,1,1
30,1,0,0,5,0,0,0,0,0,0,0,1,3.9362,0,4,0,14,0,0,0,0,0,0,0,0,0,0,0,17,0,10,0,1172,1,1,1,0
82,2,0,0,4,0,1,4,12,3,26,0,0,4.6698,1,7,1,12,44,1,2,4,1,0,1,1,1,1,0,5,0,1,1,43,0,0,1,1
31,1,0,0,4,0,0,0,0,0,0,0,1,4.0266,0,9,0,10,0,0,0,0,0,0,0,1,0,0,0,14,0,9,0,1249,1,1,1,0
27,1,0,0,3,0,0,0,0,0,0,0,1,3.634,0,7,0,8,0,0,0,0,0,0,0,0,0,0,0,4,0,4,0,1525,1,1,1,0
74,1,1,0,4,0,1,3,0,2,19,0,1,4.8424,0,16,0,16,30,1,1,0,0,0,1,1,0,0,1,3,0,1,1,24,1,0,1,1
38,2,0,0,5,0,0,0,0,0,0,0,1,4.051,1,7,0,14,0,0,0,0,0,0,0,1,0,0,0,16,0,4,0,2277,1,1,1,0
117,4,1,0,4,0,1,5,0,4,29,0,0,4.8683,3,15,1,11,58,1,4,0,0,0,1,1,1,1,0,3,1,5,1,61,0,0,1,1
178,7,1,2,5,0,1,5,0,4,52,1,0,5.0636,4,10,1,75,55,1,2,0,0,0,1,1,1,1,0,3,0,6,0,21,0,0,0,1
82,3,0,0,4,0,1,2,3,1,16,0,1,4.7638,2,15,0,14,26,1,3,1,0,0,1,0,1,1,1,1,0,7,1,88,1,0,1,1
34,1,0,0,5,0,0,0,0,0,0,0,1,3.7246,0,4,0,18,0,0,0,0,0,0,0,0,0,0,0,20,0,6,0,934,1,1,1,0
127,1,1,1,5,0,1,5,0,4,38,0,0,5.0987,0,12,0,47,57,1,1,0,0,0,1,1,1,1,0,3,1,4,1,7,0,0,1,1
26,2,0,0,3,0,0,0,0,0,0,0,1,3.9791,1,8,0,1,0,0,0,0,0,0,0,0,0,0,0,5,0,10,0,4287,1,1,1,0
74,2,2,1,5,0,0,0,18,0,16,0,0,5.0388,1,8,1,49,0,1,2,6,0,0,1,1,1,1,0,2,0,2,1,74,0,0,1,1
50,1,1,0,4,1,1,1,0,0,13,0,1,4.6464,0,15,0,13,10,1,1,0,0,0,1,1,1,1,0,2,1,7,1,21,1,0,1,1
41,2,0,0,4,0,0,0,0,0,6,0,1,4.4915,1,10,1,13,0,1,2,0,1,0,1,1,0,1,0,1,1,1,0,23,1,0,1,1
46,2,1,0,4,0,0,0,0,0,6,0,0,4.4743,1,17,1,12,0,1,2,0,0,0,1,1,0,1,0,1,0,7,1,9,0,0,1,1
31,2,0,0,3,0,0,0,0,0,0,0,1,4.0424,1,13,0,1,0,0,0,0,0,0,0,0,1,0,0,2,0,12,0,3593,1,1,1,0
34,1,0,0,5,0,0,0,0,0,0,0,1,4.0101,0,7,0,15,0,0,0,0,0,0,0,1,0,0,0,9,0,7,0,632,1,1,1,0
127,3,1,1,5,0,1,4,0,3,36,0,0,5.1462,2,7,1,54,39,1,3,0,0,0,1,0,1,0,0,3,0,2,1,38,0,0,0,1
139,6,1,1,5,1,1,5,0,4,45,1,1,5.0819,3,10,0,43,53,1,4,0,0,0,1,1,1,0,0,4,1,4,1,5,1,1,1,1
26,1,0,0,4,0,0,0,0,0,0,0,1,3.7483,0,5,0,9,0,0,0,0,0,0,0,0,0,0,0,19,0,7,0,3825,1,1,1,0
26,2,0,0,3,0,0,0,0,0,0,0,1,3.921,1,9,0,1,0,0,0,0,0,0,0,0,1,0,0,6,0,13,0,1535,1,1,1,0
78,4,0,0,5,0,0,0,0,0,26,1,0,4.7908,1,10,0,54,0,1,2,0,0,0,1,1,1,0,0,0,1,2,1,84,0,0,1,1
131,5,1,1,5,0,1,3,0,2,22,0,0,5.0564,4,17,0,40,32,1,3,0,0,0,1,1,1,1,0,0,0,6,0,73,0,0,1,1
150,4,2,0,5,0,1,4,0,3,29,0,1,5.0388,3,21,0,51,43,1,4,0,0,0,1,1,1,0,0,4,0,1,1,5,1,1,0,1
122,7,2,4,5,0,0,0,0,0,32,1,1,5.0595,4,10,0,72,0,1,5,0,0,0,1,1,1,1,0,5,0,6,0,12,1,0,1,1
161,2,4,4,5,0,1,3,0,2,39,0,1,5.169,1,12,0,91,39,1,2,0,1,0,0,1,1,1,1,4,0,8,0,2,1,1,1,1
82,1,1,0,5,1,0,0,15,0,10,0,1,4.7568,0,20,1,49,0,1,1,5,0,0,1,1,1,0,0,1,1,8,0,68,1,0,1,1
98,5,0,0,4,0,1,3,0,2,21,0,1,4.8054,4,10,0,13,33,1,4,0,0,0,1,1,1,1,0,5,0,5,1,16,1,1,1,1
110,3,0,3,5,0,0,0,0,0,16,0,1,4.9828,2,15,1,68,0,1,3,0,0,0,1,1,1,0,1,1,0,7,1,57,1,0,1,1
17,1,0,0,3,0,0,0,0,0,0,0,1,3.4104,0,4,0,1,0,0,0,0,0,0,0,0,0,0,0,15,0,5,0,4001,1,1,1,0
105,7,0,1,5,0,0,0,0,0,26,1,1,4.989,4,10,0,54,0,1,4,0,0,0,1,1,1,0,1,0,1,6,0,35,1,0,1,1
129,6,1,2,5,0,1,4,0,3,42,1,0,5.0899,3,10,0,44,43,1,4,0,1,0,1,0,0,1,0,3,0,4,1,63,0,0,1,1
30,1,0,0,4,0,0,0,0,0,0,0,1,3.9484,0,9,0,9,0,0,0,0,0,0,0,0,0,0,0,9,0,10,0,4880,1,1,1,0
141,5,1,0,5,0,1,5,12,4,35,0,0,5.1465,4,12,0,38,50,1,4,4,0,0,0,1,1,1,1,0,1,2,1,67,0,0,0,1
91,4,0,1,5,0,0,0,0,0,16,0,0,4.8513,3,11,0,46,0,1,4,0,0,0,1,1,1,0,1,3,0,2,1,4,0,0,1,1
63,3,1,2,5,0,0,0,0,0,21,1,1,5.0029,0,10,1,42,0,1,1,0,0,1,1,1,0,1,0,0,0,5,1,52,1,0,0,1
77,2,0,0,4,0,1,3,9,2,21,0,1,4.8343,1,11,0,12,35,1,1,3,0,1,1,0,1,1,0,3,0,6,1,39,1,0,1,1
70,1,4,1,5,0,0,0,0,0,10,0,0,4.8757,0,22,0,37,0,1,1,0,0,1,1,1,1,1,1,3,1,2,1,45,0,0,0,1
166,2,0,0,5,0,1,5,0,4,44,0,1,5.1147,1,10,0,82,55,1,2,0,0,0,1,0,1,0,0,2,1,8,0,65,1,0,0,1
136,2,1,1,5,0,1,5,3,4,39,0,1,5.09,1,10,0,46,60,1,2,1,0,0,1,1,0,0,0,3,1,5,0,32,1,0,1,1
116,4,5,2,5,0,0,0,0,0,37,1,1,4.9486,1,10,0,87,0,1,1,0,0,0,1,1,1,0,0,2,1,6,0,18,1,0,1,1
22,1,0,0,3,0,0,0,0,0,0,0,1,3.5383,0,9,0,1,0,0,0,0,0,0,0,0,1,0,0,17,0,11,0,805,1,1,1,0
127,6,3,3,5,0,0,0,0,0,35,1,1,5.1256,3,10,0,87,0,1,2,0,0,0,1,0,1,0,0,5,1,1,1,19,1,0,1,1
38,2,0,0,5,0,0,0,0,0,0,0,1,3.9854,1,7,0,14,0,0,0,0,0,0,0,0,0,0,0,16,0,14,0,2840,1,1,1,0
135,3,1,0,5,0,1,5,0,4,40,0,0,5.124,2,18,1,39,52,1,2,0,0,0,1,1,1,0,0,3,1,4,0,32,0,0,0,1
39,1,0,0,4,0,1,1,0,0,4,0,1,4.4775,0,6,0,13,8,0,0,0,0,0,0,0,0,0,0,11,0,13,0,3645,1,1,1,0
51,2,0,0,4,0,1,1,0,0,3,0,1,4.5524,1,13,0,14,7,0,0,0,0,0,0,1,0,0,0,4,0,10,0,3760,1,1,1,0
79,2,0,0,4,1,1,4,0,3,26,0,0,4.9287,1,8,0,13,39,1,2,0,0,0,1,1,1,0,0,4,0,8,0,6,0,0,0,1
33,2,0,0,4,0,0,0,0,0,0,0,1,3.9455,1,7,0,9,0,0,0,0,0,0,0,0,1,0,0,14,0,13,0,408,1,1,1,0
143,4,2,1,5,0,0,0,0,0,29,0,0,5.0286,3,22,1,89,0,1,4,0,0,0,1,1,1,0,0,1,0,4,1,57,0,0,1,1
29,2,0,0,3,0,1,1,0,0,4,0,1,4.1852,1,3,0,1,8,0,0,0,0,0,0,0,0,0,0,12,0,7,0,4087,1,1,1,0
200,5,3,1,5,0,1,5,0,4,53,0,1,5.1547,4,16,0,88,54,1,5,0,0,0,1,1,1,0,1,4,0,8,0,72,1,1,1,1
64,5,0,0,4,1,0,0,0,0,6,0,1,4.3728,4,10,1,16,0,1,4,0,0,0,1,1,1,0,0,1,1,6,0,67,1,0,1,1
39,1,0,0,5,0,0,0,0,0,0,0,1,4.0704,0,7,0,20,0,0,0,0,0,0,0,0,0,0,0,2,0,15,0,3481,1,1,1,0
52,6,0,0,4,0,0,0,0,0,13,1,0,4.2766,3,10,0,12,0,1,4,0,0,0,1,1,1,1,0,4,0,1,1,23,0,0,1,1
24,1,0,0,3,0,0,0,0,0,0,0,1,3.7721,0,7,0,5,0,0,0,0,0,0,0,0,0,0,0,8,0,7,0,877,1,1,1,0
34,2,0,0,4,0,0,0,0,0,0,0,1,3.9032,1,7,0,10,0,0,0,0,0,0,0,0,1,0,0,14,0,5,0,3799,1,1,1,0
100,1,0,3,5,0,0,0,0,0,29,0,1,5.0466,0,8,0,80,0,1,1,0,0,0,1,0,1,1,0,0,0,7,1,85,1,1,1,1
28,2,0,0,3,0,0,0,0,0,0,0,1,3.7265,1,6,0,5,0,0,0,0,0,0,0,0,1,0,0,7,0,15,0,2857,1,1,1,0
70,3,1,0,4,0,1,3,3,2,29,1,0,4.6664,0,10,0,20,30,1,1,1,0,1,1,1,1,1,1,2,0,5,1,4,0,0,1,1
105,3,2,1,5,0,0,0,12,0,19,0,0,4.9537,2,8,0,70,0,1,2,4,0,0,1,1,1,1,0,4,0,4,1,11,0,0,0,1
33,1,0,0,5,0,0,0,0,0,0,0,1,4.003,0,5,0,16,0,0,0,0,0,0,0,0,0,0,0,7,0,3,0,2394,1,1,1,0
73,4,0,0,4,0,1,2,9,1,16,0,1,4.6577,3,7,0,13,19,1,2,3,0,0,1,1,1,1,1,0,0,7,1,39,1,1,1,1
33,1,0,0,3,0,0,0,0,0,0,0,1,4.0785,0,13,0,8,0,0,0,0,0,0,0,0,0,0,0,11,0,15,0,3493,1,1,1,0
151,1,3,2,5,0,1,4,0,3,37,0,0,5.1783,0,15,1,75,47,1,1,0,1,0,0,0,1,1,0,3,0,1,0,21,0,0,1,1
20,1,0,0,3,0,0,0,0,0,0,0,1,3.5087,0,7,0,1,0,0,0,0,0,0,0,0,1,0,0,14,0,15,0,4835,1,1,1,0
34,2,0,0,5,0,0,0,0,0,0,0,1,4.0323,1,4,0,14,0,0,0,0,0,0,0,0,0,0,0,12,0,7,0,4669,1,1,1,0
39,4,0,0,4,0,0,0,0,0,13,1,0,4.221,1,10,0,12,0,1,2,0,1,0,1,1,1,0,1,3,0,5,0,40,0,0,0,1
97,2,2,2,5,0,0,0,0,0,21,0,1,5.0818,1,19,0,59,0,1,2,0,0,0,1,1,1,0,0,3,0,7,1,2,1,1,1,1
87,4,0,1,5,0,0,0,18,0,12,0,0,4.8468,3,8,1,46,0,1,3,6,0,1,1,1,1,0,0,5,0,2,1,73,0,0,1,1
23,1,0,0,3,0,0,0,0,0,0,0,1,3.882,0,5,0,6,0,0,0,0,0,0,0,0,0,0,0,9,0,14,0,4265,1,1,1,0
37,2,0,0,4,0,0,0,0,0,0,0,1,3.8305,1,7,0,13,0,0,0,0,0,0,0,0,0,0,0,14,0,15,0,2033,1,1,1,0
130,2,2,0,5,1,0,0,0,0,29,0,0,5.1674,1,15,1,94,0,1,2,0,0,0,1,1,1,0,1,1,0,1,1,49,0,0,1,1
38,1,0,0,5,0,0,0,0,0,0,0,1,3.9156,0,7,0,19,0,0,0,0,0,0,0,0,0,0,0,3,0,15,0,1097,1,1,1,0
22,1,0,0,3,0,0,0,0,0,0,0,1,3.8454,0,6,0,4,0,0,0,0,0,0,0,0,0,0,0,4,0,5,0,3917,1,1,1,0
41,2,0,0,4,0,1,1,0,0,2,0,1,4.2939,1,6,0,13,6,0,0,0,0,0,0,1,0,0,0,15,0,5,0,3756,1,1,1,0
28,1,0,0,4,0,0,0,0,0,0,0,1,3.6281,0,6,0,10,0,0,0,0,0,0,0,0,0,0,0,2,0,8,0,3438,1,1,1,0
148,2,3,0,5,0,1,5,0,4,42,0,1,5.1638,1,11,0,64,53,1,2,0,0,0,1,1,1,0,1,3,1,3,0,80,1,1,0,1
128,5,3,0,5,1,1,2,0,1,25,0,1,5.1239,4,17,0,50,21,1,4,0,0,0,0,1,1,0,1,1,0,2,1,78,1,0,1,1
155,5,1,1,5,0,1,4,15,3,45,0,0,5.0891,4,9,0,66,43,1,4,5,0,1,1,1,1,0,0,2,1,5,0,89,0,0,1,1
26,2,0,0,3,0,0,0,0,0,0,0,1,3.9501,1,8,0,1,0,0,0,0,0,0,0,0,0,0,0,15,0,6,0,4044,1,1,1,0
35,1,0,0,5,0,0,0,0,0,0,0,1,3.7399,0,7,0,16,0,0,0,0,0,0,0,1,0,0,0,7,0,7,0,2657,1,1,1,0
33,1,0,0,3,0,1,1,0,0,4,0,1,4.2108,0,9,0,4,8,0,0,0,0,0,0,0,0,0,0,19,0,12,0,3216,1,1,1,0
20,1,0,0,3,0,0,0,0,0,0,0,1,3.5842,0,7,0,1,0,0,0,0,0,0,0,0,1,0,0,8,0,3,0,1999,1,1,1,0
30,1,0,0,3,0,1,1,0,0,4,0,1,4.2566,0,9,0,1,8,0,0,0,0,0,0,0,0,0,0,15,0,5,0,1153,1,1,1,0
29,1,0,0,4,0,0,0,0,0,0,0,1,3.8404,0,5,0,12,0,0,0,0,0,0,0,0,0,0,0,7,0,3,0,3347,1,1,1,0
32,1,0,0,4,0,0,0,0,0,0,0,1,3.8903,0,6,0,14,0,0,0,0,0,0,0,1,0,0,0,13,0,12,0,2788,1,1,1,0
26,1,0,0,3,0,0,0,0,0,0,0,1,3.998,0,13,0,1,0,0,0,0,0,0,0,1,0,0,0,19,0,11,0,425,1,1,1,0
85,5,1,0,4,1,1,1,0,0,13,0,1,4.8014,4,22,1,14,10,1,5,0,0,0,1,1,1,1,1,1,0,3,1,79,1,0,1,1
26,1,0,0,3,0,0,0,0,0,0,0,1,3.7672,0,6,0,8,0,0,0,0,0,0,0,1,0,0,0,12,0,15,0,856,1,1,1,0
183,4,1,0,5,0,1,5,0,4,46,0,0,5.1722,3,9,1,85,57,1,4,0,0,0,1,1,1,0,1,4,1,2,1,62,0,0,1,1
20,1,0,0,3,0,0,0,0,0,0,0,1,3.8464,0,7,0,1,0,0,0,0,0,0,0,0,0,0,0,15,0,7,0,1308,1,1,1,0
43,2,0,0,5,0,0,0,0,0,0,0,1,4.2313,1,8,0,19,0,0,0,0,0,0,0,0,0,0,0,12,0,13,0,3211,1,1,1,0
20,1,0,0,3,0,0,0,0,0,0,0,1,3.4037,0,7,0,1,0,0,0,0,0,0,0,0,0,0,0,4,0,10,0,1432,1,1,1,0
48,1,0,0,5,0,1,1,0,0,4,0,1,4.1995,0,7,0,21,8,0,0,0,0,0,0,1,0,0,0,3,0,12,0,1568,1,1,1,0
135,4,2,3,5,0,0,0,0,0,30,0,1,5.1521,3,15,0,86,0,1,4,0,0,0,1,1,1,1,1,3,1,1,0,2,1,1,0,1
85,2,2,0,4,0,1,3,0,2,22,0,0,5.0241,1,17,0,20,31,1,2,0,1,0,1,0,0,1,1,0,0,8,0,49,0,0,1,1
109,5,0,0,4,0,1,4,12,3,26,0,1,4.8871,4,11,0,13,45,1,4,4,0,0,1,1,1,0,0,5,0,2,0,19,1,0,1,1
22,1,0,0,3,0,0,0,0,0,0,0,1,3.7888,0,5,0,5,0,0,0,0,0,0,0,0,0,0,0,18,0,5,0,2856,1,1,1,0
30,1,0,0,3,0,0,0,0,0,0,0,1,4.0062,0,9,0,9,0,0,0,0,0,0,0,1,1,0,0,19,0,8,0,1306,1,1,1,0
29,1,0,0,4,0,0,0,0,0,0,0,1,3.9783,0,7,0,10,0,0,0,0,0,0,0,0,1,0,0,7,0,11,0,3654,1,1,1,0
25,2,0,0,3,0,0,0,0,0,0,0,1,4.0235,1,7,0,1,0,0,0,0,0,0,0,1,0,0,0,5,0,8,0,4951,1,1,1,0
31,2,0,0,3,0,0,0,0,0,0,0,1,3.9779,1,9,0,6,0,0,0,0,0,0,0,0,1,0,0,3,0,11,0,3800,1,1,1,0
73,3,1,1,5,0,0,0,12,0,23,1,0,4.955,0,10,1,52,0,1,1,4,0,0,1,1,1,1,0,0,1,7,0,28,0,0,1,1
30,1,0,0,3,0,1,1,0,0,4,0,1,4.2817,0,9,0,1,8,0,0,0,0,0,0,0,0,0,0,4,0,10,0,862,1,1,1,0
20,1,0,0,3,0,0,0,0,0,0,0,1,3.4464,0,3,0,5,0,0,0,0,0,0,0,1,0,0,0,3,0,4,0,2508,1,1,1,0
121,2,0,1,5,0,1,5,18,4,37,0,0,5.0869,1,10,1,35,60,1,2,6,0,0,1,1,1,1,0,2,1,5,0,38,0,0,1,1
131,4,0,2,5,0,0,0,12,0,27,0,0,4.9585,3,8,0,88,0,1,2,4,0,0,1,1,0,0,1,0,1,3,0,59,0,0,1,1
163,5,2,3,5,0,1,3,0,2,33,0,0,5.2445,4,15,0,80,29,1,5,0,0,1,1,0,1,1,0,0,1,2,0,89,0,0,1,1
97,3,1,1,5,0,1,1,12,0,19,0,0,5.0326,2,11,0,47,12,1,2,4,0,0,1,1,1,0,0,0,0,3,0,1,0,0,1,1
97,7,1,0,5,0,0,0,0,0,20,1,0,4.9373,4,10,0,51,0,1,4,0,1,0,1,1,1,0,0,5,1,8,0,85,0,0,1,1
38,1,0,0,4,0,1,1,0,0,4,0,1,4.3436,0,5,0,13,8,0,0,0,0,0,0,0,0,0,0,12,0,7,0,2504,1,1,1,0
43,1,0,0,4,0,1,1,0,0,4,0,1,4.5188,0,13,0,10,8,0,0,0,0,0,0,0,0,0,0,20,0,14,0,3237,1,1,1,0
25,1,0,0,3,0,1,1,0,0,4,0,1,4.1337,0,4,0,1,8,0,0,0,0,0,0,0,0,0,0,20,0,11,0,1578,1,1,1,0
30,2,0,0,4,0,0,0,0,0,0,0,1,4.1736,1,4,0,9,0,0,0,0,0,0,0,0,0,0,0,20,0,10,0,1965,1,1,1,0
38,2,0,0,3,0,0,0,0,0,0,0,1,4.0933,1,13,0,9,0,0,0,0,0,0,0,0,0,0,0,18,0,4,0,398,1,1,1,0
67,2,0,0,4,0,1,2,3,1,16,0,1,4.6312,1,10,1,13,24,1,2,1,0,1,1,1,0,1,0,5,0,1,0,24,1,1,1,1
40,1,0,0,5,0,1,1,0,0,4,0,1,4.4439,0,5,0,15,8,0,0,0,0,0,0,0,0,0,0,6,0,9,0,3752,1,1,1,0
97,6,1,1,5,0,1,1,9,0,32,1,1,4.9749,3,10,0,42,10,1,3,3,0,0,1,1,1,0,0,3,1,5,1,49,1,1,1,1
31,2,0,0,3,0,1,1,0,0,4,0,1,4.236,1,5,0,1,8,0,0,0,0,0,0,0,0,0,0,15,0,12,0,4554,1,1,1,0
45,3,0,0,4,1,0,0,0,0,5,0,1,4.3858,2,7,1,12,0,1,3,0,0,0,1,1,1,0,0,1,1,4,0,41,1,1,1,1
30,2,0,0,3,0,0,0,0,0,0,0,1,3.9647,1,8,0,5,0,0,0,0,0,0,0,0,0,0,0,12,0,6,0,2837,1,1,1,0
143,5,4,0,5,0,1,2,0,1,33,0,0,5.1542,4,19,1,62,22,1,3,0,0,0,1,1,1,1,1,4,0,7,0,61,0,0,0,1
90,4,2,0,4,1,1,2,9,1,16,0,1,4.8103,3,14,0,20,22,1,3,3,1,0,1,1,1,0,1,2,1,3,1,23,1,0,1,1
27,1,0,0,4,0,0,0,0,0,0,0,1,3.9121,0,6,0,9,0,0,0,0,0,0,0,0,0,0,0,19,0,9,0,3597,1,1,1,0
86,4,0,0,5,0,0,0,0,0,15,0,1,4.8362,3,10,1,41,0,1,2,0,0,0,1,1,1,0,1,2,0,6,0,19,1,0,1,1
128,4,3,2,5,1,0,0,0,0,16,0,1,5.0329,3,19,1,74,0,1,3,0,1,0,1,1,0,0,0,4,0,7,1,76,1,1,1,1
33,2,0,0,4,0,0,0,0,0,0,0,1,4.1353,1,4,0,12,0,0,0,0,0,0,0,0,0,0,0,11,0,14,0,2063,1,1,1,0
139,2,2,0,5,0,1,1,0,0,35,0,1,5.1185,1,20,0,87,12,1,2,0,0,0,1,0,1,0,0,5,0,6,0,45,1,1,1,1
32,1,0,0,5,0,0,0,0,0,0,0,1,4.0039,0,5,0,15,0,0,0,0,0,0,0,1,1,0,0,14,0,11,0,4505,1,1,1,0
27,1,0,0,3,0,1,1,0,0,3,0,1,4.1343,0,3,0,5,7,0,0,0,0,0,0,0,0,0,0,20,0,10,0,4529,1,1,1,0
82,3,0,0,4,0,1,5,0,4,41,1,0,4.6153,0,10,0,11,49,1,1,0,0,0,1,1,1,0,1,2,0,7,0,46,0,0,1,1
33,1,0,0,5,0,0,0,0,0,0,0,1,3.8937,0,4,0,17,0,0,0,0,0,0,0,1,0,0,0,5,0,9,0,2885,1,1,1,0
31,1,0,0,4,0,0,0,0,0,0,0,1,3.6508,0,7,0,12,0,0,0,0,0,0,0,0,0,0,0,4,0,15,0,3865,1,1,1,0
34,1,0,0,5,0,0,0,0,0,0,0,1,4.1578,0,7,0,15,0,0,0,0,0,0,0,1,1,0,0,10,0,5,0,3477,1,1,1,0
93,1,2,1,5,0,0,0,0,0,26,0,1,4.9334,0,8,1,73,0,1,1,0,0,0,1,1,1,1,0,0,1,7,1,86,1,0,0,1
64,1,0,1,5,0,0,0,0,0,13,0,1,4.8298,0,11,0,41,0,1,1,0,0,0,1,1,0,0,0,4,0,5,0,58,1,0,1,1
154,1,3,2,5,0,1,3,15,2,37,0,1,5.2377,0,18,0,90,34,1,1,5,0,0,1,1,0,0,0,2,1,1,0,85,1,1,1,1
42,2,0,0,5,0,0,0,0,0,0,0,1,3.8356,1,6,0,19,0,0,0,0,0,0,0,0,0,0,0,15,0,5,0,4639,1,1,1,0
113,4,2,2,5,1,0,0,0,0,32,1,0,5.1289,1,10,0,86,0,1,2,0,0,1,1,1,1,0,1,1,0,6,0,55,0,0,1,1
26,1,0,0,3,0,0,0,0,0,0,0,1,3.7672,0,5,0,9,0,0,0,0,0,0,0,0,0,0,0,15,0,3,0,1834,1,1,1,0
165,5,3,2,5,0,1,3,12,2,32,0,1,5.2607,4,13,0,78,31,1,3,4,0,0,1,1,0,0,1,0,1,8,1,1,1,0,1,1
78,3,0,2,5,0,0,0,6,0,28,1,1,4.7593,0,10,0,56,0,1,1,2,0,0,1,0,0,0,0,4,1,3,1,18,1,0,1,1
50,1,1,0,4,0,1,1,0,0,10,0,1,4.6937,0,16,1,12,10,1,1,0,0,0,1,1,1,0,1,5,1,5,1,49,1,1,1,1
22,1,0,0,3,0,0,0,0,0,0,0,1,3.6635,0,9,0,1,0,0,0,0,0,0,0,1,0,0,0,13,0,5,0,1303,1,1,1,0
38,1,0,0,5,0,0,0,0,0,0,0,1,3.9553,0,7,0,19,0,0,0,0,0,0,0,0,0,0,0,12,0,11,0,1434,1,1,1,0
31,1,0,0,5,0,0,0,0,0,0,0,1,3.8858,0,3,0,16,0,0,0,0,0,0,0,0,1,0,0,4,0,8,0,2340,1,1,1,0
34,1,0,0,5,0,0,0,0,0,0,0,1,3.7719,0,4,0,18,0,0,0,0,0,0,0,0,0,0,0,16,0,4,0,691,1,1,1,0
55,1,0,0,5,0,1,1,0,0,4,0,1,4.1948,0,8,0,27,8,0,0,0,0,0,0,0,1,0,0,19,0,14,0,4678,1,1,1,0
42,2,1,0,4,0,0,0,18,0,5,0,0,4.2728,1,12,0,11,0,1,2,6,0,0,1,1,0,0,1,3,0,7,1,37,0,0,1,1
54,1,1,0,4,0,1,1,0,0,11,0,1,4.773,0,15,1,14,10,1,1,0,0,0,1,1,0,1,0,3,0,2,1,81,1,1,1,1
102,3,0,0,4,0,1,4,0,3,26,0,1,4.7751,2,8,1,18,52,1,3,0,0,0,1,1,1,0,0,2,1,8,0,63,1,1,1,1
64,5,1,0,4,0,0,0,0,0,4,0,0,4.4335,4,10,0,16,0,1,4,0,1,0,0,1,0,1,1,1,1,7,1,83,0,0,1,1
126,4,1,2,5,0,0,0,12,0,31,0,0,5.0985,3,7,1,86,0,1,4,4,0,0,1,1,1,1,0,2,0,5,0,82,0,0,1,1
24,2,0,0,3,0,0,0,0,0,0,0,1,3.6887,1,6,0,1,0,0,0,0,0,0,0,0,0,0,0,15,0,4,0,2392,1,1,1,0
116,4,2,2,5,0,1,2,0,1,26,0,1,5.0618,3,9,0,48,25,1,4,0,0,0,1,0,0,0,1,2,1,5,0,85,1,1,0,1
117,3,0,0,5,0,1,3,0,2,44,1,0,4.9996,0,10,1,64,33,1,1,0,0,0,1,1,0,1,1,5,0,3,1,15,0,0,1,1
37,4,0,0,4,0,0,0,0,0,12,1,0,4.1957,1,10,0,11,0,1,2,0,0,0,1,1,0,1,0,2,1,8,0,90,0,0,1,1
97,3,4,3,5,0,0,0,0,0,13,0,0,4.9516,2,15,1,55,0,1,3,0,0,0,1,1,1,1,1,2,0,6,1,81,0,0,1,1
25,1,0,0,3,0,0,0,0,0,0,0,1,3.8333,0,8,0,5,0,0,0,0,0,0,0,0,0,0,0,2,0,3,0,2091,1,1,1,0
24,1,0,0,3,0,0,0,0,0,0,0,1,3.8554,0,7,0,5,0,0,0,0,0,0,0,0,0,0,0,17,0,6,0,3092,1,1,1,0
150,4,3,1,5,0,1,2,0,1,35,0,1,5.1182,3,10,0,84,22,1,4,0,0,0,1,1,0,0,0,2,1,8,0,9,1,0,1,1
28,1,0,0,4,0,0,0,0,0,0,0,1,3.6645,0,3,0,13,0,0,0,0,0,0,0,0,0,0,0,3,0,5,0,2621,1,1,1,0
30,1,0,0,4,0,0,0,0,0,6,0,0,3.9232,0,8,0,11,0,1,1,0,0,1,1,1,1,0,0,3,1,7,1,3,0,0,1,1
75,3,1,0,4,0,1,2,0,1,14,0,1,4.8615,2,16,1,11,21,1,2,0,0,0,1,1,1,0,0,1,0,8,1,55,1,1,0,1
62,5,0,0,4,0,0,0,0,0,6,0,0,4.3295,4,8,0,16,0,1,3,0,0,0,1,1,1,1,0,2,0,7,0,51,0,0,1,1
62,4,0,0,4,0,1,2,0,1,25,1,1,4.6109,1,10,0,12,20,1,2,0,0,0,1,1,1,0,1,0,0,5,0,35,1,0,1,1
31,1,0,0,3,0,0,0,0,0,0,0,1,3.6278,0,10,0,9,0,0,0,0,0,0,0,0,0,0,0,6,0,14,0,1821,1,1,1,0
38,1,0,0,5,0,0,0,0,0,0,0,1,3.8405,0,6,0,20,0,0,0,0,0,0,0,0,1,0,0,12,0,6,0,1396,1,1,1,0
36,1,0,0,4,0,0,0,0,0,0,0,1,3.6552,0,10,0,14,0,0,0,0,0,0,0,0,0,0,0,16,0,9,0,3142,1,1,1,0
136,3,1,1,5,0,1,3,0,2,25,0,0,5.0807,2,8,1,63,40,1,3,0,0,0,1,1,1,0,0,2,0,5,0,9,0,0,1,1
27,1,0,0,3,0,1,1,0,0,4,0,1,4.1343,0,6,0,1,8,0,0,0,0,0,0,1,0,0,0,14,0,7,0,2243,1,1,1,0
50,1,0,0,5,0,1,1,0,0,4,0,1,4.302,0,10,0,20,8,0,0,0,0,0,0,0,0,0,0,5,0,4,0,4974,1,1,1,0
34,1,0,0,4,0,0,0,3,0,6,0,1,4.2417,0,11,0,11,0,1,1,1,0,0,1,1,1,0,0,2,0,8,0,88,1,0,0,1
35,3,0,0,4,0,0,0,12,0,16,1,1,3.8402,0,10,0,12,0,1,1,4,0,0,1,0,1,1,0,1,0,5,0,41,1,1,1,1
46,1,0,0,5,0,1,1,0,0,4,0,1,4.5427,0,9,0,17,8,0,0,0,0,0,0,0,0,0,0,11,0,13,0,3840,1,1,1,0
27,1,0,0,3,0,0,0,0,0,0,0,1,3.708,0,10,0,5,0,0,0,0,0,0,0,0,1,0,0,20,0,5,0,2965,1,1,1,0
64,7,0,0,4,0,0,0,0,0,15,1,0,4.3409,4,10,1,12,0,1,3,0,0,0,1,1,0,1,0,3,1,1,0,37,0,0,1,1
24,1,0,0,3,0,1,1,0,0,4,0,1,4.0535,0,3,0,1,8,0,0,0,0,0,0,0,0,0,0,18,0,8,0,1416,1,1,1,0
37,1,0,0,5,0,0,0,0,0,0,0,1,3.5979,0,5,0,20,0,0,0,0,0,0,0,0,0,0,0,15,0,14,0,3014,1,1,1,0
40,1,0,0,5,0,0,0,0,0,0,0,1,3.9135,0,10,0,18,0,0,0,0,0,0,0,1,0,0,0,9,0,3,0,3161,1,1,1,0
26,1,0,0,3,0,0,0,0,0,0,0,1,4.1039,0,13,0,1,0,0,0,0,0,0,0,0,0,0,0,9,0,12,0,4633,1,1,1,0
26,1,0,0,3,0,0,0,0,0,0,0,1,3.5843,0,6,0,8,0,0,0,0,0,0,0,0,0,0,0,17,0,11,0,2932,1,1,1,0
69,7,0,0,4,0,1,1,0,0,19,1,0,4.6005,4,10,0,12,10,1,3,0,0,0,1,0,1,0,0,4,1,8,1,54,0,0,1,1
22,1,0,0,3,0,0,0,0,0,0,0,1,3.8454,0,9,0,1,0,0,0,0,0,0,0,1,0,0,0,10,0,12,0,3486,1,1,1,0
42,1,0,0,5,0,1,1,0,0,4,0,1,4.3836,0,5,0,17,8,0,0,0,0,0,0,1,0,0,0,15,0,12,0,4113,1,1,1,0
95,2,1,0,5,0,1,2,0,1,23,0,0,5.0511,1,18,1,35,24,1,2,0,0,0,1,1,0,0,1,2,0,7,1,51,0,0,1,1
83,3,0,0,4,0,1,3,0,2,21,0,1,4.937,2,10,0,11,35,1,3,0,0,0,1,1,0,1,1,4,0,7,1,11,1,1,0,1
59,1,1,0,4,0,1,2,0,1,15,0,0,4.8806,0,18,0,13,17,1,1,0,0,0,1,1,1,1,0,5,1,4,1,48,0,0,1,1
28,1,0,0,3,0,0,0,0,0,0,0,1,3.669,0,10,0,6,0,0,0,0,0,0,0,0,1,0,0,18,0,12,0,602,1,1,1,0
36,1,0,0,5,0,0,0,0,0,0,0,1,4.0386,0,8,0,16,0,0,0,0,0,0,0,0,0,0,0,19,0,11,0,2476,1,1,1,0
113,2,4,0,5,0,1,2,12,1,28,0,0,5.0712,1,17,0,58,20,1,2,4,0,0,1,1,1,1,0,0,0,6,1,57,0,0,1,1
18,1,0,0,3,0,0,0,0,0,0,0,1,3.5724,0,5,0,1,0,0,0,0,0,0,0,0,0,0,0,15,0,5,0,2260,1,1,1,0
93,4,0,0,4,0,1,3,0,2,21,0,1,4.7725,3,11,1,13,35,1,4,0,0,0,1,1,1,0,0,4,1,1,1,63,1,0,1,1
51,2,0,0,4,0,1,1,0,0,11,0,0,4.5472,1,8,0,16,9,1,2,0,0,0,1,1,1,1,0,4,0,8,0,60,0,0,1,1
32,1,0,0,4,0,0,0,0,0,0,0,1,3.6761,0,3,0,17,0,0,0,0,0,0,0,1,0,0,0,6,0,3,0,2501,1,1,1,0
28,1,0,0,3,0,1,1,0,0,4,0,1,4.2534,0,7,0,1,8,0,0,0,0,0,0,1,0,0,0,11,0,14,0,2556,1,1,1,0
29,1,0,0,4,0,0,0,0,0,0,0,1,3.8664,0,6,0,11,0,0,0,0,0,0,0,0,0,0,0,13,0,11,0,3440,1,1,1,0
32,1,0,0,4,0,0,0,0,0,0,0,1,3.7373,0,7,0,13,0,0,0,0,0,0,0,0,0,0,0,6,0,8,0,4380,1,1,1,0
92,1,2,0,5,0,0,0,0,0,23,0,1,5.0587,0,13,1,68,0,1,1,0,0,0,0,1,1,0,0,4,0,7,0,67,1,0,1,1
92,4,1,0,5,0,0,0,3,0,22,0,0,4.8489,3,17,1,44,0,1,2,1,1,0,1,0,1,1,1,5,0,6,1,77,0,0,1,1
77,5,0,0,4,0,1,3,0,2,29,1,0,4.7379,2,10,0,13,32,1,2,0,0,0,1,1,1,0,0,1,0,5,0,15,0,0,1,1
65,4,1,0,4,0,0,0,0,0,5,0,0,4.6896,3,20,0,13,0,1,4,0,0,0,1,1,1,0,0,5,1,6,1,31,0,0,1,1
49,1,0,0,5,0,1,1,0,0,4,0,1,4.4407,0,7,0,22,8,0,0,0,0,0,0,0,1,0,0,10,0,3,0,4122,1,1,1,0
33,3,0,0,4,0,0,0,9,0,13,1,0,4.1502,0,10,1,14,0,1,1,3,0,0,1,1,1,1,1,3,0,5,1,27,0,0,1,1
39,1,0,0,5,0,0,0,0,0,0,0,1,4.1066,0,8,0,19,0,0,0,0,0,0,0,1,0,0,0,16,0,4,0,1273,1,1,1,0
35,2,0,0,4,0,0,0,0,0,0,0,1,3.769,1,6,0,12,0,0,0,0,0,0,0,0,1,0,0,4,0,11,0,1127,1,1,1,0
18,1,0,0,3,0,0,0,0,0,0,0,1,3.5305,0,5,0,1,0,0,0,0,0,0,0,0,0,0,0,2,0,5,0,1954,1,1,1,0
40,1,1,0,4,0,0,0,0,0,6,0,0,4.3464,0,17,0,12,0,1,1,0,0,0,1,1,1,0,1,4,0,3,0,29,0,0,1,1
53,4,0,0,4,0,0,0,0,0,6,0,1,4.386,3,7,0,12,0,1,4,0,0,0,1,1,0,0,0,0,1,7,1,61,1,1,0,1
35,2,0,0,4,0,0,0,0,0,0,0,1,3.7043,1,6,0,12,0,0,0,0,0,0,0,1,0,0,0,7,0,14,0,3984,1,1,1,0
121,5,1,0,4,0,1,5,0,4,32,0,1,4.8952,4,17,0,12,52,1,3,0,0,1,1,1,1,0,0,4,0,2,0,64,1,0,1,1
99,4,0,0,5,1,1,1,18,0,20,0,0,5.0195,3,7,0,48,10,1,3,6,0,0,1,1,0,0,1,5,0,2,1,61,0,0,1,1
19,1,0,0,3,0,0,0,0,0,0,0,1,3.5369,0,6,0,1,0,0,0,0,0,0,0,0,0,0,0,11,0,6,0,2124,1,1,1,0
152,3,4,1,5,0,1,4,3,3,48,0,0,5.1833,2,10,0,78,39,1,3,1,0,0,1,1,1,1,1,5,0,1,1,72,0,0,1,1
121,3,5,1,5,0,0,0,0,0,17,0,0,4.943,2,17,1,79,0,1,3,0,0,0,1,1,1,0,0,4,0,8,1,7,0,0,1,1
106,4,1,2,5,0,0,0,0,0,14,0,0,4.8817,3,8,1,63,0,1,4,0,0,0,1,0,1,0,0,5,0,6,0,68,0,0,1,1
42,2,0,0,5,0,0,0,0,0,0,0,1,3.9371,1,7,0,18,0,0,0,0,0,0,0,1,1,0,0,20,0,9,0,630,1,1,1,0
22,1,0,0,3,0,0,0,0,0,0,0,1,3.7888,0,5,0,5,0,0,0,0,0,0,0,1,0,0,0,7,0,13,0,3864,1,1,1,0
23,1,0,0,3,0,0,0,0,0,0,0,1,3.8492,0,6,0,5,0,0,0,0,0,0,0,0,0,0,0,19,0,11,0,1292,1,1,1,0
148,4,1,1,5,0,1,1,0,0,31,0,0,5.1447,3,21,0,84,10,1,2,0,0,0,1,0,1,0,1,1,0,8,0,89,0,0,1,1
91,3,2,2,5,0,1,1,15,0,29,1,1,5.0087,0,10,0,58,11,1,1,5,1,0,1,1,1,0,1,2,0,5,0,32,1,1,1,1
16,1,0,0,3,0,0,0,0,0,0,0,1,3.3278,0,3,0,1,0,0,0,0,0,0,0,1,1,0,0,10,0,15,0,1683,1,1,1,0
88,4,1,0,4,0,1,2,0,1,16,0,0,4.8025,3,21,1,13,24,1,3,0,0,0,1,1,0,0,0,2,1,7,1,31,0,0,1,1
25,2,0,0,3,0,0,0,0,0,0,0,1,3.8635,1,7,0,1,0,0,0,0,0,0,0,0,0,0,0,12,0,13,0,1511,1,1,1,0
16,1,0,0,3,0,0,0,0,0,0,0,1,3.3278,0,3,0,1,0,0,0,0,0,0,0,0,0,0,0,11,0,8,0,1072,1,1,1,0
28,1,0,0,3,0,1,1,0,0,4,0,1,4.0836,0,7,0,1,8,0,0,0,0,0,0,0,1,0,0,9,0,4,0,4936,1,1,1,0
57,4,0,0,4,1,0,0,0,0,6,0,1,4.4713,3,10,0,12,0,1,4,0,0,0,1,1,1,1,1,0,1,2,1,68,1,0,1,1
27,1,0,0,3,0,0,0,0,0,0,0,1,4.0043,0,9,0,6,0,0,0,0,0,0,0,1,1,0,0,17,0,10,0,3054,1,1,1,0
40,2,0,0,5,0,0,0,0,0,0,0,1,3.8037,1,5,0,18,0,0,0,0,0,0,0,1,0,0,0,3,0,14,0,4600,1,1,1,0
89,1,2,4,5,0,0,0,0,0,15,0,1,4.933,0,9,0,68,0,1,1,0,1,0,1,1,1,0,0,5,1,8,1,65,1,1,1,1
23,1,0,0,3,0,0,0,0,0,0,0,1,3.5884,0,6,0,5,0,0,0,0,0,0,0,1,0,0,0,12,0,4,0,3971,1,1,1,0
42,2,0,0,5,0,0,0,0,0,0,0,1,4.2588,1,7,0,18,0,0,0,0,0,0,0,0,0,0,0,18,0,3,0,2457,1,1,1,0
42,2,0,0,5,0,0,0,0,0,0,0,1,4.0979,1,10,0,15,0,0,0,0,0,0,0,0,0,0,0,19,0,3,0,1303,1,1,1,0
151,4,1,3,5,0,1,3,0,2,37,0,1,5.1361,3,20,0,65,31,1,3,0,0,0,1,1,1,1,1,2,0,7,0,58,1,0,1,1
40,1,0,0,4,0,1,1,0,0,4,0,1,4.4219,0,9,0,11,8,0,0,0,0,0,0,0,0,0,0,15,0,4,0,2448,1,1,1,0
24,1,0,0,3,0,0,0,0,0,0,0,1,3.6368,0,4,0,8,0,0,0,0,0,0,0,0,0,0,0,7,0,10,0,4815,1,1,1,0
24,1,0,0,3,0,0,0,0,0,0,0,1,3.8239,0,6,0,6,0,0,0,0,0,0,0,0,0,0,0,16,0,5,0,3475,1,1,1,0
21,2,0,0,3,0,0,0,0,0,0,0,1,3.4633,1,3,0,1,0,0,0,0,0,0,0,0,0,0,0,3,0,14,0,4128,1,1,1,0
28,1,0,0,3,0,0,0,0,0,0,0,1,3.8693,0,7,0,9,0,0,0,0,0,0,0,0,0,0,0,13,0,9,0,4864,1,1,1,0
137,3,2,2,5,0,1,3,6,2,38,0,1,5.1094,2,14,1,67,31,1,2,2,0,1,1,1,1,0,0,2,1,5,1,37,1,0,0,1
109,3,3,4,5,0,0,0,0,0,33,1,1,5.0353,0,10,1,90,0,1,1,0,0,0,1,0,0,1,1,2,0,5,1,53,1,0,1,1
42,3,0,0,4,0,0,0,15,0,6,0,0,4.2611,2,8,1,12,0,1,2,5,0,0,1,1,1,1,0,4,1,4,0,73,0,0,1,1
90,5,1,0,4,1,1,2,15,1,15,0,1,4.85,4,18,1,12,20,1,4,5,1,0,1,1,0,0,0,2,1,8,1,26,1,0,1,1
30,2,0,0,4,0,0,0,0,0,0,0,1,4.0402,1,4,0,9,0,0,0,0,0,0,0,0,1,0,0,2,0,5,0,2287,1,1,1,0
30,1,0,0,3,0,0,0,0,0,0,0,1,4.1232,0,13,0,5,0,0,0,0,0,0,0,1,0,0,0,18,0,7,0,1960,1,1,1,0
29,1,0,0,3,0,0,0,0,0,0,0,1,3.9523,0,8,0,9,0,0,0,0,0,0,0,0,0,0,0,20,0,15,0,4970,1,1,1,0
174,4,4,3,5,0,1,3,18,2,44,0,0,5.1505,3,20,1,87,34,1,3,6,0,0,1,1,0,0,0,4,0,6,0,56,0,0,1,1
26,2,0,0,3,0,0,0,0,0,0,0,1,3.5654,1,9,0,1,0,0,0,0,0,0,0,1,0,0,0,17,0,5,0,978,1,1,1,0
29,1,0,0,4,0,0,0,0,0,0,0,1,3.742,0,7,0,10,0,0,0,0,0,0,0,0,0,0,0,16,0,10,0,724,1,1,1,0
27,1,0,0,3,0,0,0,0,0,0,0,1,3.8562,0,6,0,9,0,0,0,0,0,0,0,0,0,0,0,14,0,14,0,3037,1,1,1,0
30,1,0,0,4,0,0,0,0,0,0,0,1,3.7232,0,3,0,15,0,0,0,0,0,0,0,1,0,0,0,3,0,5,0,2657,1,1,1,0
45,1,0,0,5,0,1,1,0,0,4,0,1,4.5169,0,6,0,19,8,0,0,0,0,0,0,0,1,0,0,3,0,7,0,1803,1,1,1,0
38,1,0,0,4,0,0,0,0,0,6,0,0,4.386,0,15,1,12,0,1,1,0,1,0,1,1,1,1,0,1,1,6,1,86,0,0,1,1
37,1,0,0,5,0,0,0,0,0,0,0,1,3.5912,0,7,0,18,0,0,0,0,0,0,0,1,0,0,0,12,0,9,0,466,1,1,1,0
38,1,0,0,5,0,1,1,0,0,4,0,1,4.4489,0,3,0,15,8,0,0,0,0,0,0,0,0,0,0,14,0,9,0,4633,1,1,1,0
111,3,2,0,5,0,0,0,3,0,22,0,0,5.0398,2,12,0,73,0,1,3,1,0,0,1,1,1,1,0,1,1,2,0,52,0,0,1,1
22,1,0,0,3,0,0,0,0,0,0,0,1,3.8454,0,5,0,5,0,0,0,0,0,0,0,0,1,0,0,17,0,8,0,4907,1,1,1,0
27,2,0,0,3,0,0,0,0,0,0,0,1,3.8562,1,9,0,1,0,0,0,0,0,0,0,0,1,0,0,2,0,12,0,4498,1,1,1,0
54,3,1,0,4,1,0,0,0,0,8,0,0,4.4791,2,16,0,13,0,1,2,0,0,0,1,1,1,1,1,3,0,3,0,42,0,0,1,1
83,4,0,0,4,0,1,4,0,3,33,1,0,4.6837,1,10,1,12,45,1,2,0,0,0,1,0,1,0,0,3,1,2,0,76,0,0,1,1
118,7,0,0,4,0,1,5,0,4,39,1,0,4.8164,4,10,0,18,54,1,3,0,0,0,1,1,1,0,1,0,0,7,0,73,0,0,1,1
137,5,0,0,5,0,1,3,6,2,31,0,1,5.0571,4,6,1,60,29,1,3,2,0,0,1,1,1,0,1,1,1,1,0,72,1,0,1,1
81,2,1,2,5,1,0,0,6,0,12,0,0,4.9088,1,21,1,43,0,1,2,2,0,1,1,1,1,0,0,1,0,1,0,39,0,0,1,1
97,4,2,0,5,0,1,1,9,0,17,0,0,4.9181,3,13,0,42,9,1,4,3,0,1,0,1,1,1,1,3,1,4,1,66,0,0,1,1
50,1,0,0,5,0,1,1,0,0,4,0,1,4.1884,0,9,0,21,8,0,0,0,0,0,0,0,0,0,0,13,0,15,0,2867,1,1,1,0
64,4,0,0,4,0,1,2,0,1,25,1,1,4.6018,1,10,0,12,23,1,2,0,1,0,1,1,1,1,0,3,0,4,1,87,1,0,1,1
21,1,0,0,3,0,0,0,0,0,0,0,1,3.6538,0,4,0,5,0,0,0,0,0,0,0,1,0,0,0,10,0,10,0,2456,1,1,1,0
80,5,2,0,4,1,0,0,0,0,7,0,1,4.5885,4,21,1,20,0,1,4,0,0,0,1,1,1,1,0,1,0,3,0,65,1,0,1,1
170,4,2,2,5,0,1,4,0,3,49,0,0,5.1955,3,13,1,80,42,1,3,0,0,1,1,1,1,0,0,5,0,6,0,4,0,0,1,1
39,2,0,0,5,0,0,0,0,0,0,0,1,3.9553,1,3,0,19,0,0,0,0,0,0,0,0,0,0,0,4,0,3,0,2461,1,1,1,0
52,3,0,0,4,0,0,0,0,0,6,0,1,4.5125,2,15,1,11,0,1,3,0,0,0,1,1,1,0,0,2,0,5,0,41,1,0,1,1
28,1,0,0,4,0,0,0,0,0,0,0,1,4.0661,0,7,0,9,0,0,0,0,0,0,0,1,0,0,0,7,0,15,0,785,1,1,1,0
74,4,0,1,5,1,0,0,0,0,14,0,1,4.667,3,7,1,36,0,1,4,0,0,1,1,1,1,0,0,4,1,5,0,19,1,1,0,1
145,3,3,2,5,0,1,1,0,0,30,0,0,5.1989,2,17,1,93,10,1,2,0,0,0,1,1,1,0,1,0,1,5,1,12,0,0,0,1
135,1,0,1,5,0,1,3,0,2,34,0,1,5.1448,0,10,0,78,35,1,1,0,0,0,1,1,0,0,0,3,1,7,0,22,1,0,1,1
61,7,0,0,4,0,0,0,0,0,13,1,0,4.354,4,10,1,12,0,1,3,0,0,0,1,1,0,0,0,1,0,8,1,46,0,0,1,1
43,1,0,0,5,0,0,0,0,0,0,0,1,3.7231,0,6,0,25,0,0,0,0,0,0,0,0,0,0,0,4,0,3,0,1639,1,1,1,0
121,5,1,0,4,1,1,4,0,3,30,0,1,4.822,4,19,0,13,49,1,4,0,0,0,1,1,1,1,0,4,1,3,0,71,1,1,1,1
167,4,4,1,5,0,1,3,0,2,39,0,1,5.1124,3,9,0,96,29,1,3,0,0,0,1,1,1,0,1,4,1,3,0,8,1,1,1,1
30,1,0,0,3,0,1,1,0,0,4,0,1,4.3899,0,5,0,5,8,0,0,0,0,0,0,1,0,0,0,20,0,6,0,4962,1,1,1,0
82,5,0,0,4,1,1,2,0,1,16,0,1,4.6879,4,8,1,12,22,1,4,0,1,0,1,1,1,1,1,4,0,7,0,31,1,1,0,1
53,4,0,0,4,0,0,0,0,0,6,0,0,4.4114,3,8,1,13,0,1,4,0,0,0,1,0,1,0,0,0,1,5,0,81,0,0,1,1
30,1,0,0,3,0,1,1,0,0,4,0,1,4.2151,0,9,0,1,8,0,0,0,0,0,0,0,1,0,0,8,0,4,0,3763,1,1,1,0
33,2,0,0,4,0,0,0,0,0,0,0,1,4.0061,1,6,0,10,0,0,0,0,0,0,0,1,0,0,0,5,0,8,0,671,1,1,1,0
32,1,0,0,5,0,0,0,0,0,0,0,1,3.9414,0,5,0,15,0,0,0,0,0,0,0,0,0,0,0,2,0,15,0,3891,1,1,1,0
16,1,0,0,3,0,0,0,0,0,0,0,1,3.4528,0,3,0,1,0,0,0,0,0,0,0,0,1,0,0,15,0,6,0,987,1,1,1,0
47,2,0,0,5,0,0,0,0,0,0,0,1,4.2325,1,8,0,22,0,0,0,0,0,0,0,0,0,0,0,19,0,14,0,4937,1,1,1,0
34,1,0,0,5,0,0,0,0,0,0,0,1,3.8085,0,5,0,17,0,0,0,0,0,0,0,0,0,0,0,10,0,14,0,2522,1,1,1,0
104,4,0,1,5,0,1,3,0,2,35,1,1,5.0934,1,10,0,45,31,1,2,0,0,1,1,1,1,1,1,5,0,3,0,67,1,0,1,1
118,3,2,2,5,0,1,3,0,2,36,1,1,5.1999,0,10,0,67,31,1,1,0,0,0,1,0,1,0,0,3,1,8,0,45,1,1,1,1
30,1,0,0,3,0,1,1,0,0,4,0,1,4.0729,0,5,0,5,8,0,0,0,0,0,0,0,1,0,0,3,0,3,0,4068,1,1,1,0
46,2,0,0,5,0,1,1,0,0,4,0,1,4.4664,1,3,0,18,8,0,0,0,0,0,0,1,0,0,0,4,0,4,0,811,1,1,1,0
34,2,0,0,3,0,0,0,0,0,0,0,1,3.7526,1,9,0,8,0,0,0,0,0,0,0,0,0,0,0,13,0,10,0,624,1,1,1,0
42,1,0,0,5,0,0,0,0,0,0,0,1,3.8113,0,7,0,23,0,0,0,0,0,0,0,0,0,0,0,11,0,6,0,4710,1,1,1,0
95,5,1,0,4,1,1,3,0,2,22,0,0,4.9869,4,14,0,12,31,1,4,0,0,0,1,0,1,0,0,5,0,5,0,38,0,0,1,1
23,1,0,0,3,0,0,0,0,0,0,0,1,3.7623,0,6,0,5,0,0,0,0,0,0,0,0,0,0,0,16,0,11,0,4063,1,1,1,0
162,5,3,0,5,0,1,5,0,4,59,1,1,5.0132,2,10,1,72,56,1,3,0,0,0,1,0,1,0,0,5,0,2,1,43,1,1,1,1
62,4,0,0,4,0,1,1,0,0,11,0,0,4.6754,3,8,1,13,10,1,4,0,0,0,1,1,1,1,1,4,0,4,0,85,0,0,1,1
133,3,1,1,5,0,1,4,3,3,27,0,1,4.9671,2,14,0,42,52,1,3,1,0,0,0,1,0,0,1,1,0,1,0,15,1,1,0,1
31,1,0,0,4,0,0,0,0,0,0,0,1,3.9219,0,9,0,10,0,0,0,0,0,0,0,0,0,0,0,9,0,9,0,813,1,1,1,0
26,1,0,0,4,0,0,0,0,0,0,0,1,3.9022,0,6,0,8,0,0,0,0,0,0,0,1,0,0,0,2,0,6,0,1546,1,1,1,0
26,2,0,0,3,0,0,0,0,0,0,0,1,3.7672,1,4,0,5,0,0,0,0,0,0,0,1,0,0,0,15,0,3,0,1374,1,1,1,0
159,5,1,1,5,0,1,2,0,1,35,0,0,5.164,4,14,0,84,19,1,4,0,0,0,1,1,0,0,0,3,0,1,0,67,0,0,0,1
25,2,0,0,3,0,0,0,0,0,0,0,1,3.6733,1,7,0,1,0,0,0,0,0,0,0,0,0,0,0,18,0,12,0,4539,1,1,1,0
25,1,0,0,3,0,0,0,0,0,0,0,1,3.9933,0,9,0,4,0,0,0,0,0,0,0,0,0,0,0,12,0,10,0,928,1,1,1,0
35,2,0,0,4,0,0,0,0,0,0,0,1,3.9357,1,9,0,9,0,0,0,0,0,0,0,1,0,0,0,14,0,8,0,3142,1,1,1,0
30,1,0,0,4,0,0,0,0,0,0,0,1,3.7899,0,4,0,14,0,0,0,0,0,0,0,0,1,0,0,7,0,6,0,2435,1,1,1,0
133,4,2,0,5,0,1,2,0,1,26,0,1,5.0502,3,20,1,59,20,1,4,0,1,0,1,1,1,1,0,4,1,8,1,73,1,0,1,1
41,1,0,0,4,0,1,1,0,0,4,0,1,4.3451,0,7,0,14,8,0,0,0,0,0,0,0,0,0,0,20,0,3,0,3248,1,1,1,0
53,2,0,0,5,0,1,1,0,0,4,0,1,4.4993,1,9,0,19,8,0,0,0,0,0,0,0,0,0,0,4,0,8,0,4736,1,1,1,0
124,2,1,2,5,0,1,5,0,4,36,0,1,5.2598,1,19,0,37,48,1,2,0,0,0,1,1,1,1,0,5,1,6,1,15,1,1,1,1
33,1,0,0,4,0,0,0,0,0,0,0,1,3.87,0,7,0,14,0,0,0,0,0,0,0,1,0,0,0,15,0,10,0,4794,1,1,1,0
130,2,2,0,5,0,1,2,12,1,36,0,0,5.1607,1,19,0,74,20,1,2,4,0,0,1,1,1,1,0,1,1,6,1,89,0,0,1,1
25,1,0,0,4,0,0,0,0,0,0,0,1,3.6537,0,3,0,10,0,0,0,0,0,0,0,1,0,0,0,3,0,5,0,1828,1,1,1,0
61,1,1,2,5,1,0,0,18,0,9,0,1,4.8385,0,17,1,33,0,1,1,6,0,0,1,1,1,1,1,3,1,3,0,63,1,0,1,1
91,4,0,0,4,0,1,5,0,4,37,1,0,4.7955,1,10,1,14,50,1,2,0,0,0,1,0,0,0,1,3,1,6,0,84,0,0,1,1
36,2,0,0,3,0,1,1,0,0,4,0,1,4.2947,1,6,0,5,8,0,0,0,0,0,0,0,1,0,0,20,0,4,0,2825,1,1,1,0
190,5,5,5,5,0,1,4,0,3,49,0,1,5.1764,4,11,1,93,43,1,3,0,1,1,1,1,1,0,1,5,1,1,0,52,1,1,1,1
100,6,0,2,5,0,0,0,0,0,30,1,1,4.8983,3,10,0,54,0,1,3,0,0,0,1,1,1,0,0,2,0,7,0,29,1,1,1,1
83,2,0,0,4,0,1,4,12,3,26,0,1,4.8868,1,10,1,13,42,1,2,4,0,0,1,1,0,0,0,5,1,5,1,90,1,0,1,1
152,3,4,0,5,0,1,4,0,3,60,1,1,5.1344,0,10,0,88,43,1,1,0,0,0,1,1,1,1,0,4,0,7,0,67,1,0,1,1
28,1,0,0,4,0,0,0,0,0,0,0,1,3.6281,0,6,0,10,0,0,0,0,0,0,0,1,0,0,0,4,0,7,0,4943,1,1,1,0
21,1,0,0,3,0,0,0,0,0,0,0,1,3.6897,0,8,0,1,0,0,0,0,0,0,0,0,0,0,0,11,0,8,0,1664,1,1,1,0
20,1,0,0,3,0,0,0,0,0,0,0,1,3.5087,0,7,0,1,0,0,0,0,0,0,0,0,0,0,0,12,0,12,0,4261,1,1,1,0
29,2,0,0,3,0,0,0,0,0,0,0,1,3.6764,1,6,0,6,0,0,0,0,0,0,0,0,0,0,0,9,0,9,0,2334,1,1,1,0
124,2,1,2,5,1,1,1,0,0,36,0,1,4.9503,1,9,0,85,12,1,2,0,0,0,1,1,1,0,1,2,0,8,1,54,1,1,0,1
66,4,1,0,4,0,0,0,0,0,4,0,1,4.6354,3,21,0,12,0,1,4,0,0,0,0,0,1,1,0,0,0,1,0,63,1,0,1,1
90,5,2,0,4,0,1,1,0,0,13,0,1,4.8289,4,18,0,20,10,1,4,0,0,0,1,1,1,1,1,3,1,5,0,15,1,1,1,1
147,5,3,2,5,0,0,0,0,0,24,0,1,5.0559,4,14,0,94,0,1,4,0,0,0,1,0,0,0,0,3,1,1,1,84,1,1,1,1
80,4,1,0,4,0,1,4,0,3,32,1,0,4.716,1,10,1,20,35,1,2,0,0,0,1,1,1,0,0,0,1,6,1,76,0,0,1,1
39,1,0,0,4,0,1,1,0,0,4,0,1,4.1698,0,9,0,10,8,0,0,0,0,0,0,0,0,0,0,10,0,6,0,1294,1,1,1,0
35,2,0,0,4,0,0,0,0,0,0,0,1,3.843,1,8,0,10,0,0,0,0,0,0,0,1,0,0,0,4,0,3,0,893,1,1,1,0
31,2,0,0,3,0,0,0,0,0,0,0,1,3.76,1,9,0,5,0,0,0,0,0,0,0,0,1,0,0,17,0,4,0,1452,1,1,1,0
157,5,3,1,5,0,1,3,0,2,41,0,1,4.9988,4,10,0,70,37,1,3,0,0,1,1,1,0,0,0,2,1,5,1,77,1,0,1,1
110,3,1,1,5,0,1,1,3,0,29,0,0,4.9709,2,8,0,65,10,1,2,1,0,0,1,1,1,0,0,4,1,4,1,41,0,0,1,1
158,1,2,0,5,1,1,5,0,4,51,0,0,5.1664,0,17,1,78,53,1,1,0,1,0,1,1,1,0,1,1,0,5,0,38,0,0,1,1
32,2,0,0,3,0,1,1,0,0,4,0,1,4.3278,1,6,0,1,8,0,0,0,0,0,0,0,0,0,0,7,0,3,0,3205,1,1,1,0
49,2,1,0,4,0,0,0,0,0,6,0,0,4.5173,1,19,1,13,0,1,2,0,0,0,1,1,0,0,0,1,1,6,0,85,0,0,0,1
70,5,1,0,4,0,0,0,6,0,6,0,1,4.4595,4,15,1,13,0,1,4,2,0,0,1,0,1,0,0,4,1,1,1,59,1,1,1,1
138,5,1,1,5,0,1,2,0,1,44,1,0,5.1025,2,10,0,77,27,1,3,0,0,0,1,0,0,0,1,5,1,5,1,17,0,0,0,1
83,5,0,0,4,1,1,2,0,1,16,0,1,4.6523,4,8,1,13,20,1,4,0,0,0,1,0,1,1,0,1,1,3,0,53,1,1,1,1
24,1,0,0,3,0,1,1,0,0,4,0,1,3.9073,0,3,0,1,8,0,0,0,0,0,0,1,0,0,0,16,0,7,0,4395,1,1,1,0
138,3,2,1,5,1,1,2,6,1,29,0,1,5.1768,2,11,1,75,24,1,2,2,0,1,1,1,0,1,0,4,1,5,0,17,1,1,1,1
23,1,0,0,3,0,0,0,0,0,0,0,1,3.7251,0,7,0,4,0,0,0,0,0,0,0,0,0,0,0,8,0,10,0,2000,1,1,1,0
69,4,0,0,4,0,1,1,0,0,11,0,0,4.7318,3,11,0,13,11,1,3,0,1,0,1,0,0,0,0,1,0,5,0,32,0,0,0,1
85,3,1,0,5,0,1,3,0,2,34,1,0,4.9048,0,10,0,36,28,1,1,0,0,0,1,0,1,0,0,2,0,3,1,62,0,0,1,1
131,3,1,2,5,0,1,4,0,3,31,0,1,5.1615,2,24,0,37,45,1,3,0,0,0,1,0,1,0,0,5,1,8,0,14,1,1,0,1
35,1,0,0,3,0,1,1,0,0,4,0,1,4.4004,0,9,0,6,8,0,0,0,0,0,0,0,0,0,0,3,0,13,0,1171,1,1,1,0
152,4,2,0,5,1,1,4,0,3,36,0,1,5.0057,3,8,1,70,45,1,2,0,0,0,1,0,1,1,0,3,0,7,1,37,1,1,1,1
77,3,1,0,4,0,1,2,0,1,15,0,1,4.9862,2,14,1,11,25,1,3,0,0,0,1,1,0,0,0,2,0,5,0,30,1,0,1,1
105,1,0,0,5,0,0,0,0,0,32,0,1,4.8365,0,11,0,82,0,1,1,0,0,1,1,0,0,0,1,1,0,4,0,8,1,1,1,1
40,1,0,0,4,0,0,0,0,0,6,0,0,4.1964,0,11,0,18,0,1,1,0,0,0,1,1,0,1,1,2,1,8,0,65,0,0,1,1
35,1,0,0,5,0,0,0,0,0,0,0,1,3.9684,0,7,0,16,0,0,0,0,0,0,0,0,0,0,0,9,0,5,0,4061,1,1,1,0
27,1,0,0,3,0,0,0,0,0,0,0,1,3.6287,0,7,0,8,0,0,0,0,0,0,0,0,0,0,0,4,0,7,0,1973,1,1,1,0
55,3,0,0,4,0,1,2,0,1,23,1,0,4.5765,0,10,1,13,23,1,1,0,0,0,1,1,1,0,0,2,0,3,0,33,0,0,1,1
32,1,0,0,5,0,0,0,0,0,0,0,1,3.9414,0,6,0,14,0,0,0,0,0,0,0,0,1,0,0,7,0,10,0,2731,1,1,1,0
29,1,0,0,4,0,0,0,0,0,0,0,1,3.6301,0,7,0,10,0,0,0,0,0,0,0,0,0,0,0,14,0,4,0,1703,1,1,1,0
88,2,0,0,4,0,1,5,0,4,31,0,0,4.9183,1,8,1,13,48,1,1,0,0,0,1,1,1,0,0,3,0,2,1,20,0,0,1,1
41,1,1,0,4,0,0,0,15,0,5,0,0,4.4522,0,13,1,18,0,1,1,5,0,0,1,1,0,0,0,4,0,6,1,15,0,0,0,1
26,1,0,0,4,0,0,0,0,0,0,0,1,3.8253,0,6,0,8,0,0,0,0,0,0,0,0,0,0,0,13,0,3,0,2191,1,1,1,0
174,4,2,0,5,0,1,4,0,3,42,0,0,5.1372,3,15,1,76,48,1,4,0,0,0,1,0,1,0,0,2,1,6,0,48,0,0,1,1
71,5,1,0,4,0,0,0,0,0,4,0,1,4.5758,4,18,0,12,0,1,5,0,0,0,0,0,1,0,1,1,1,8,1,54,1,0,1,1
135,1,1,2,5,0,1,4,0,3,41,0,1,5.1565,0,7,1,77,38,1,1,0,0,1,1,1,1,1,1,1,0,4,0,87,1,0,1,1
139,2,3,2,5,0,1,4,0,3,35,0,1,5.2195,1,14,0,54,51,1,2,0,0,0,1,0,1,0,0,4,0,3,0,17,1,1,1,1
20,1,0,0,3,0,0,0,0,0,0,0,1,3.5464,0,7,0,1,0,0,0,0,0,0,0,0,0,0,0,3,0,13,0,4793,1,1,1,0
31,1,0,0,3,0,1,1,0,0,3,0,1,4.1037,0,7,0,5,7,0,0,0,0,0,0,0,0,0,0,8,0,7,0,3382,1,1,1,0
76,1,3,1,5,0,0,0,0,0,16,0,0,4.8116,0,14,1,50,0,1,1,0,0,1,1,1,1,1,0,3,1,5,0,31,0,0,0,1
152,4,1,2,5,0,1,2,0,1,42,0,0,5.0388,3,13,0,89,21,1,2,0,1,0,1,1,1,1,1,0,0,3,1,22,0,0,1,1
28,1,0,0,3,0,1,1,0,0,4,0,1,3.9677,0,7,0,1,8,0,0,0,0,0,0,0,0,0,0,10,0,11,0,4118,1,1,1,0
25,2,0,0,3,0,0,0,0,0,0,0,1,3.7533,1,7,0,1,0,0,0,0,0,0,0,0,0,0,0,2,0,8,0,376,1,1,1,0
24,1,0,0,3,0,1,1,0,0,4,0,1,4.1368,0,3,0,1,8,0,0,0,0,0,0,0,0,0,0,14,0,15,0,4930,1,1,1,0
88,2,1,0,5,0,0,0,0,0,23,0,0,5.0122,1,17,1,54,0,1,2,0,0,0,1,1,1,0,0,3,1,8,0,47,0,0,1,1
20,1,0,0,3,0,0,0,0,0,0,0,1,3.5037,0,7,0,1,0,0,0,0,0,0,0,0,0,0,0,3,0,12,0,757,1,1,1,0
24,2,0,0,3,0,0,0,0,0,0,0,1,3.7406,1,6,0,1,0,0,0,0,0,0,0,0,0,0,0,15,0,7,0,3994,1,1,1,0
163,7,1,2,5,0,1,5,0,4,57,1,0,5.1072,4,10,0,59,56,1,4,0,0,0,1,1,1,1,0,5,1,8,1,11,0,0,1,1
57,2,2,0,4,0,0,0,18,0,9,0,0,4.5501,1,19,0,20,0,1,2,6,0,0,1,1,1,0,0,5,0,3,0,76,0,0,1,1
79,5,1,0,4,0,1,1,0,0,12,0,0,4.5736,4,17,1,12,10,1,4,0,1,0,1,1,0,1,0,3,1,2,1,39,0,0,1,1
66,5,0,0,4,0,1,1,15,0,20,1,1,4.6295,2,10,0,18,12,1,3,5,0,0,1,1,0,1,0,0,0,8,0,70,1,0,1,1
27,1,0,0,3,0,0,0,0,0,0,0,1,3.8842,0,9,0,6,0,0,0,0,0,0,0,1,0,0,0,10,0,3,0,4229,1,1,1,0
124,3,3,2,5,0,0,0,0,0,28,0,0,5.1329,2,14,0,86,0,1,3,0,0,0,0,1,0,1,0,3,1,6,0,35,0,0,1,1
57,3,1,0,4,0,0,0,0,0,7,0,1,4.6704,2,20,0,12,0,1,3,0,0,0,1,1,1,0,0,4,1,8,0,46,1,0,1,1
153,5,3,2,5,0,1,5,0,4,39,0,1,5.0914,4,14,1,48,50,1,3,0,0,0,1,1,1,0,0,3,0,4,0,67,1,0,1,1
102,3,3,0,5,0,1,2,15,1,19,0,0,5.1171,2,19,0,38,19,1,3,5,0,0,1,1,1,1,0,2,0,3,1,35,0,0,1,1
31,1,0,0,4,0,0,0,0,0,0,0,1,3.6639,0,7,0,12,0,0,0,0,0,0,0,0,0,0,0,5,0,5,0,3736,1,1,1,0
33,2,0,0,4,0,0,0,0,0,0,0,1,4.0141,1,6,0,10,0,0,0,0,0,0,0,0,0,0,0,17,0,7,0,2250,1,1,1,0
19,1,0,0,3,0,0,0,0,0,0,0,1,3.5369,0,6,0,1,0,0,0,0,0,0,0,1,0,0,0,4,0,5,0,2329,1,1,1,0
53,3,1,0,4,0,0,0,0,0,5,0,1,4.3029,2,13,1,16,0,1,3,0,0,0,1,1,1,1,0,3,1,7,0,42,1,0,0,1
113,5,2,3,5,0,0,0,0,0,18,0,0,5.0394,4,13,0,60,0,1,4,0,0,0,1,1,1,0,0,0,0,7,0,51,0,0,1,1
25,1,0,0,3,0,0,0,0,0,0,0,1,3.8333,0,9,0,4,0,0,0,0,0,0,0,0,0,0,0,16,0,8,0,915,1,1,1,0
150,1,4,1,5,1,1,3,0,2,43,0,1,5.164,0,14,1,93,30,1,1,0,0,0,1,1,1,0,0,2,1,8,0,87,1,0,1,1
141,2,5,1,5,1,1,2,0,1,40,0,0,5.1717,1,15,0,88,21,1,2,0,0,0,1,0,0,0,0,5,0,4,1,3,0,0,1,1
79,1,3,0,5,0,0,0,0,0,15,0,0,4.9344,0,13,0,55,0,1,1,0,0,1,1,1,1,0,1,1,1,1,0,1,0,0,1,1
90,5,0,2,5,1,0,0,0,0,12,0,1,4.8167,4,11,0,36,0,1,4,0,0,0,1,1,1,0,0,2,1,3,0,14,1,0,1,1
20,1,0,0,3,0,0,0,0,0,0,0,1,3.5464,0,7,0,1,0,0,0,0,0,0,0,0,0,0,0,8,0,5,0,3686,1,1,1,0
91,2,0,0,4,0,1,5,6,4,31,0,0,4.9858,1,8,1,13,50,1,2,2,0,0,1,1,1,1,0,2,0,6,0,87,0,0,1,1
95,3,1,1,5,0,1,1,0,0,16,0,1,4.9779,2,18,0,40,11,1,3,0,0,1,1,1,1,1,1,3,0,7,0,53,1,1,1,1
64,3,0,0,4,0,1,3,15,2,27,1,1,4.6008,0,10,1,12,33,1,1,5,0,0,1,1,0,1,1,2,1,4,0,54,1,0,1,1
39,2,0,0,5,0,0,0,0,0,0,0,1,4.3143,1,8,0,15,0,0,0,0,0,0,0,1,1,0,0,20,0,10,0,3075,1,1,1,0
27,2,0,0,3,0,0,0,0,0,0,0,1,3.7043,1,7,0,4,0,0,0,0,0,0,0,0,1,0,0,8,0,15,0,1433,1,1,1,0
57,6,0,0,4,0,0,0,0,0,16,1,1,4.5207,3,10,1,13,0,1,4,0,0,0,1,0,1,0,1,0,0,1,1,31,1,1,0,1
121,2,2,2,5,0,0,0,9,0,29,0,0,5.1256,1,8,1,92,0,1,2,3,0,0,1,1,1,0,0,3,0,8,0,69,0,0,1,1
46,2,0,0,5,0,1,1,0,0,4,0,1,4.4722,1,8,0,13,8,0,0,0,0,0,0,0,0,0,0,17,0,10,0,1762,1,1,1,0
152,4,1,2,5,1,1,1,0,0,36,0,0,5.1145,3,12,0,92,15,1,3,0,0,0,1,1,1,1,1,0,0,4,0,73,0,0,1,1
50,2,1,0,4,1,0,0,0,0,6,0,1,4.6635,1,14,1,16,0,1,2,0,0,0,1,1,1,0,0,4,1,5,0,37,1,0,0,1
94,1,1,5,5,0,0,0,0,0,19,0,1,4.9579,0,20,1,60,0,1,1,0,0,1,1,1,1,0,0,4,0,4,1,30,1,0,1,1
101,1,2,2,5,0,0,0,0,0,27,0,0,5.0281,0,19,1,72,0,1,1,0,0,0,1,0,1,1,0,1,1,6,1,16,0,0,1,1
24,1,0,0,3,0,0,0,0,0,0,0,1,3.8035,0,7,0,5,0,0,0,0,0,0,0,0,0,0,0,20,0,9,0,4653,1,1,1,0
18,1,0,0,3,0,0,0,0,0,0,0,1,3.2663,0,5,0,1,0,0,0,0,0,0,0,1,1,0,0,9,0,12,0,3017,1,1,1,0
35,1,0,0,5,0,0,0,0,0,0,0,1,3.8973,0,6,0,17,0,0,0,0,0,0,0,1,0,0,0,9,0,11,0,3689,1,1,1,0
20,1,0,0,3,0,0,0,0,0,0,0,1,3.3087,0,7,0,1,0,0,0,0,0,0,0,1,0,0,0,16,0,5,0,4252,1,1,1,0
111,4,0,1,5,1,1,4,0,3,38,1,1,4.9536,1,10,0,39,44,1,2,0,0,0,1,0,1,0,1,2,0,1,0,19,1,1,1,1
31,1,0,0,4,0,0,0,0,0,0,0,1,3.6923,0,6,0,13,0,0,0,0,0,0,0,0,0,0,0,20,0,11,0,1959,1,1,1,0
40,1,0,0,5,0,0,0,0,0,0,0,1,4.0439,0,9,0,19,0,0,0,0,0,0,0,1,0,0,0,10,0,8,0,2655,1,1,1,0
32,2,0,0,3,0,1,1,0,0,3,0,1,4.1136,1,7,0,1,7,0,0,0,0,0,0,0,0,0,0,11,0,8,0,1083,1,1,1,0
32,1,0,0,4,0,0,0,0,0,0,0,1,4.0153,0,7,0,13,0,0,0,0,0,0,0,0,0,0,0,12,0,8,0,1871,1,1,1,0
32,2,0,0,3,0,1,1,0,0,3,0,1,4.1403,1,7,0,1,7,0,0,0,0,0,0,0,0,0,0,10,0,12,0,2256,1,1,1,0
125,2,3,0,5,0,1,3,0,2,32,0,1,5.1335,1,12,1,58,37,1,2,0,1,1,1,1,1,0,1,3,0,4,0,67,1,0,1,1
37,1,0,0,5,0,0,0,0,0,0,0,1,3.6657,0,5,0,20,0,0,0,0,0,0,0,1,0,0,0,4,0,12,0,4518,1,1,1,0
37,2,0,0,4,0,0,0,0,0,0,0,1,4.1549,1,6,0,14,0,0,0,0,0,0,0,0,0,0,0,10,0,4,0,3411,1,1,1,0
28,1,0,0,3,0,1,1,0,0,4,0,1,4.2534,0,7,0,1,8,0,0,0,0,0,0,0,0,0,0,20,0,9,0,613,1,1,1,0
34,1,0,0,3,0,1,1,0,0,4,0,1,4.5503,0,13,0,1,8,0,0,0,0,0,0,0,0,0,0,7,0,14,0,2363,1,1,1,0
89,2,1,0,4,0,1,4,0,3,26,0,0,4.9236,1,18,1,13,39,1,2,0,0,0,1,1,0,0,1,3,0,7,1,56,0,0,1,1
70,5,0,0,4,0,0,0,0,0,6,0,1,4.4851,4,15,0,16,0,1,4,0,0,0,1,0,1,1,0,0,1,7,1,42,1,1,1,1
46,2,0,0,5,0,1,1,0,0,4,0,1,4.4043,1,6,0,15,8,0,0,0,0,0,0,0,0,0,0,5,0,10,0,4492,1,1,1,0
25,1,0,0,3,0,0,0,0,0,0,0,1,3.8333,0,8,0,5,0,0,0,0,0,0,0,0,0,0,0,13,0,9,0,4039,1,1,1,0
55,2,0,0,4,0,1,1,0,0,11,0,0,4.7398,1,15,1,13,11,1,2,0,0,1,1,0,1,0,0,5,1,7,0,21,0,0,1,1
64,4,1,0,4,0,0,0,0,0,5,0,1,4.795,3,18,1,12,0,1,4,0,0,0,1,1,1,1,0,3,1,3,1,35,1,1,1,1
135,1,2,0,5,0,1,5,0,4,41,0,0,5.1388,0,14,0,52,58,1,1,0,0,0,1,0,0,1,1,4,0,3,1,57,0,0,1,1
34,1,0,0,5,0,0,0,0,0,0,0,1,3.8751,0,6,0,16,0,0,0,0,0,0,0,0,0,0,0,19,0,8,0,4153,1,1,1,0
21,1,0,0,3,0,0,0,0,0,0,0,1,3.6897,0,8,0,1,0,0,0,0,0,0,0,0,0,0,0,3,0,10,0,779,1,1,1,0
70,2,0,0,5,1,0,0,15,0,10,0,1,4.7956,1,11,1,41,0,1,2,5,0,0,1,1,1,0,0,5,0,2,0,10,1,1,1,1
101,3,2,0,5,1,1,3,0,2,23,0,1,5.1267,2,8,1,34,35,1,3,0,0,1,1,1,1,0,0,2,1,6,0,61,1,0,0,1
81,3,2,1,5,0,0,0,0,0,16,0,1,4.9169,2,10,0,45,0,1,2,0,0,0,1,1,1,1,1,0,0,8,0,15,1,0,1,1
65,7,0,0,4,0,0,0,0,0,15,1,1,4.5502,4,10,1,13,0,1,4,0,0,0,1,1,1,1,0,3,0,2,0,14,1,0,1,1
39,2,0,0,5,0,0,0,0,0,0,0,1,3.9334,1,6,0,17,0,0,0,0,0,0,0,0,0,0,0,14,0,4,0,4760,1,1,1,0
111,2,0,3,5,0,0,0,0,0,25,0,0,5.0372,1,8,0,84,0,1,2,0,0,0,1,1,1,0,0,1,0,1,0,63,0,0,1,1
29,1,0,0,4,0,0,0,0,0,0,0,1,3.7975,0,5,0,12,0,0,0,0,0,0,0,0,0,0,0,20,0,3,0,2572,1,1,1,0
21,1,0,0,3,0,0,0,0,0,0,0,1,3.7849,0,4,0,5,0,0,0,0,0,0,0,0,0,0,0,16,0,10,0,3617,1,1,1,0
33,2,0,0,4,0,0,0,0,0,0,0,1,3.6573,1,6,0,10,0,0,0,0,0,0,0,0,0,0,0,17,0,5,0,1920,1,1,1,0
43,2,0,0,5,0,0,0,0,0,0,0,1,3.9698,1,7,0,19,0,0,0,0,0,0,0,1,0,0,0,3,0,11,0,4863,1,1,1,0
29,1,0,0,5,0,0,0,0,0,0,0,1,3.6639,0,3,0,14,0,0,0,0,0,0,0,0,0,0,0,2,0,12,0,2555,1,1,1,0
32,2,0,0,3,0,0,0,0,0,0,0,1,4.007,1,10,0,5,0,0,0,0,0,0,0,1,0,0,0,10,0,12,0,4778,1,1,1,0
28,1,0,0,4,0,0,0,0,0,0,0,1,3.8249,0,6,0,10,0,0,0,0,0,0,0,0,0,0,0,7,0,12,0,2120,1,1,1,0
125,1,4,0,5,0,1,4,0,3,39,0,1,5.1721,0,18,1,57,39,1,1,0,0,1,1,1,1,0,1,5,0,3,0,24,1,0,1,1
86,1,1,0,4,0,1,4,0,3,23,0,1,4.9925,0,14,0,14,46,1,1,0,0,0,0,1,0,1,0,4,0,4,1,71,1,0,0,1
18,1,0,0,3,0,0,0,0,0,0,0,1,3.5305,0,5,0,1,0,0,0,0,0,0,0,1,0,0,0,9,0,10,0,2790,1,1,1,0
108,4,2,0,5,0,0,0,0,0,17,0,1,4.9444,3,14,1,61,0,1,2,0,0,0,1,0,0,1,0,5,0,7,0,7,1,0,1,1
20,1,0,0,3,0,0,0,0,0,0,0,1,3.6464,0,4,0,4,0,0,0,0,0,0,0,0,0,0,0,7,0,3,0,2930,1,1,1,0
28,2,0,0,3,0,0,0,0,0,0,0,1,3.6106,1,10,0,1,0,0,0,0,0,0,0,0,0,0,0,12,0,15,0,1742,1,1,1,0
143,1,4,0,5,0,1,2,15,1,39,0,1,5.1449,0,17,1,90,21,1,1,5,0,0,1,1,0,1,0,5,0,3,1,45,1,0,1,1
141,2,2,0,5,0,1,5,0,4,38,0,1,5.1488,1,15,0,46,61,1,2,0,0,0,1,1,1,1,1,0,1,1,0,27,1,0,1,1
106,1,1,1,5,1,1,3,0,2,29,0,1,5.0343,0,10,0,43,41,1,1,0,0,0,1,1,1,0,0,5,1,3,1,73,1,1,1,1
18,1,0,0,3,0,0,0,0,0,0,0,1,3.5724,0,5,0,1,0,0,0,0,0,0,0,0,0,0,0,7,0,15,0,4576,1,1,1,0
104,3,1,3,5,0,1,2,0,1,37,1,0,5.0829,0,10,0,65,19,1,1,0,0,0,1,1,1,0,1,3,1,4,1,13,0,0,1,1
99,1,2,0,5,0,0,0,0,0,18,0,1,4.9167,0,13,1,75,0,1,1,0,0,0,1,1,0,0,0,4,0,8,1,3,1,1,1,1
20,1,0,0,3,0,0,0,0,0,0,0,1,3.5842,0,7,0,1,0,0,0,0,0,0,0,1,0,0,0,7,0,3,0,3617,1,1,1,0
22,2,0,0,3,0,0,0,0,0,0,0,1,3.6292,1,4,0,1,0,0,0,0,0,0,0,0,1,0,0,6,0,8,0,781,1,1,1,0
86,2,1,0,4,0,1,4,0,3,25,0,0,4.9408,1,13,1,12,44,1,2,0,0,0,1,1,0,1,0,4,0,5,1,18,0,0,1,1
36,1,0,0,5,0,0,0,0,0,0,0,1,3.8509,0,6,0,18,0,0,0,0,0,0,0,0,0,0,0,3,0,7,0,2924,1,1,1,0
139,3,1,2,5,1,1,2,0,1,52,1,0,5.0673,0,10,1,96,22,1,1,0,1,0,1,1,0,1,1,4,1,5,0,80,0,0,0,1
91,3,0,0,4,0,1,5,0,4,39,1,0,4.6284,0,10,0,16,55,1,1,0,1,0,1,1,1,1,1,1,0,1,1,45,0,0,1,1
29,1,0,0,4,0,0,0,0,0,0,0,1,3.837,0,7,0,10,0,0,0,0,0,0,0,0,0,0,0,8,0,15,0,4562,1,1,1,0
72,1,3,0,5,0,0,0,0,0,17,0,0,4.8624,0,7,1,53,0,1,1,0,0,0,1,1,0,0,0,5,0,1,0,85,0,0,1,1
31,2,0,0,4,0,0,0,0,0,0,0,1,4.0023,1,4,0,10,0,0,0,0,0,0,0,0,0,0,0,5,0,13,0,687,1,1,1,0
83,1,1,0,5,0,1,2,0,1,28,0,0,5.0828,0,7,0,45,20,1,1,0,0,0,1,1,1,0,1,0,1,3,0,89,0,0,1,1
34,2,0,0,3,0,0,0,0,0,0,0,1,3.7604,1,9,0,8,0,0,0,0,0,0,0,0,0,0,0,4,0,8,0,3172,1,1,1,0
90,4,1,1,5,0,1,2,0,1,32,1,0,4.8695,1,10,0,43,19,1,1,0,0,0,1,1,1,1,0,2,0,6,0,82,0,0,1,1
20,1,0,0,3,0,0,0,0,0,0,0,1,3.6842,0,7,0,1,0,0,0,0,0,0,0,0,0,0,0,17,0,10,0,3724,1,1,1,0
137,4,4,2,5,0,1,2,0,1,28,0,0,5.2146,3,15,0,64,24,1,3,0,0,0,1,1,1,0,0,3,0,2,0,6,0,0,0,1
25,2,0,0,3,0,0,0,0,0,0,0,1,3.7337,1,4,0,4,0,0,0,0,0,0,0,0,0,0,0,11,0,7,0,2086,1,1,1,0
130,7,2,4,5,0,0,0,0,0,28,1,0,4.9127,4,10,0,77,0,1,2,0,0,0,1,0,1,0,0,2,1,7,0,79,0,0,1,1
32,1,0,0,5,0,0,0,0,0,0,0,1,3.9261,0,6,0,14,0,0,0,0,0,0,0,1,1,0,0,16,0,6,0,4786,1,1,1,0
20,1,0,0,3,0,0,0,0,0,0,0,1,3.8464,0,7,0,1,0,0,0,0,0,0,0,0,0,0,0,3,0,8,0,824,1,1,1,0
28,1,0,0,3,0,1,1,0,0,4,0,1,4.1375,0,7,0,1,8,0,0,0,0,0,0,0,0,0,0,20,0,8,0,4241,1,1,1,0
20,1,0,0,3,0,0,0,0,0,0,0,1,3.3087,0,7,0,1,0,0,0,0,0,0,0,0,0,0,0,16,0,6,0,639,1,1,1,0
39,2,0,0,4,0,1,1,0,0,4,0,1,4.3236,1,7,0,8,8,0,0,0,0,0,0,0,1,0,0,14,0,10,0,4499,1,1,1,0
115,2,3,1,5,1,1,1,0,0,26,0,0,5.0893,1,6,1,80,11,1,2,0,0,0,1,1,0,1,0,1,1,7,1,31,0,0,1,1
80,6,0,0,5,0,0,0,15,0,24,1,0,4.7266,3,10,1,39,0,1,3,5,0,0,1,1,1,0,1,5,1,4,0,73,0,0,0,1
36,1,0,0,4,0,0,0,0,0,0,0,1,3.8719,0,9,0,15,0,0,0,0,0,0,0,0,0,0,0,9,0,3,0,709,1,1,1,0
45,1,0,0,5,0,1,1,0,0,4,0,1,4.4112,0,9,0,16,8,0,0,0,0,0,0,1,1,0,0,12,0,4,0,4907,1,1,1,0
52,2,1,0,4,0,0,0,0,0,6,0,0,4.4191,1,21,0,12,0,1,2,0,0,0,1,1,1,1,0,0,0,2,0,15,0,0,1,1
26,1,0,0,4,0,0,0,0,0,0,0,1,4.0851,0,5,0,9,0,0,0,0,0,0,0,0,0,0,0,8,0,7,0,3289,1,1,1,0
110,6,2,2,5,0,0,0,0,0,29,1,0,5.0664,3,10,1,70,0,1,3,0,0,0,1,1,0,0,0,1,0,7,1,3,0,0,1,1
85,1,1,0,4,0,1,4,0,3,25,0,1,4.7344,0,11,1,12,50,1,1,0,0,0,1,1,1,1,1,4,0,3,0,71,1,0,1,1
42,4,0,0,4,0,0,0,0,0,14,1,1,4.3267,1,10,0,13,0,1,2,0,0,0,1,1,1,1,0,3,1,7,1,78,1,0,0,1
22,1,0,0,3,0,0,0,0,0,0,0,1,3.8454,0,6,0,4,0,0,0,0,0,0,0,0,0,0,0,17,0,11,0,2896,1,1,1,0
115,4,2,1,5,0,1,1,0,0,34,1,1,5.0999,1,10,1,74,12,1,2,0,0,0,1,1,0,0,1,2,0,6,1,76,1,0,1,1
31,1,0,0,4,0,0,0,0,0,0,0,1,4.1557,0,9,0,10,0,0,0,0,0,0,0,1,0,0,0,19,0,5,0,2696,1,1,1,0
37,1,0,0,5,0,0,0,0,0,0,0,1,3.8952,0,6,0,19,0,0,0,0,0,0,0,1,1,0,0,4,0,15,0,737,1,1,1,0
34,1,0,0,5,0,0,0,0,0,0,0,1,3.9369,0,5,0,17,0,0,0,0,0,0,0,0,0,0,0,19,0,8,0,2530,1,1,1,0
28,2,0,0,3,0,0,0,0,0,0,0,1,3.5836,1,6,0,5,0,0,0,0,0,0,0,0,0,0,0,19,0,14,0,1974,1,1,1,0
113,1,3,2,5,0,0,0,18,0,28,0,0,5.0666,0,20,0,82,0,1,1,6,0,1,1,0,1,0,0,0,1,7,0,36,0,0,1,1
94,3,3,1,5,0,0,0,0,0,20,0,0,5.0117,2,8,1,62,0,1,3,0,0,0,1,1,1,0,0,3,0,2,0,37,0,0,1,1
32,1,0,0,4,0,0,0,3,0,6,0,1,4.1997,0,9,0,11,0,1,1,1,0,0,1,1,1,0,0,3,1,8,1,9,1,0,1,1
34,1,0,0,4,0,0,0,0,0,0,0,1,4.0209,0,8,0,14,0,0,0,0,0,0,0,1,0,0,0,5,0,4,0,3181,1,1,1,0
77,7,0,0,4,0,1,1,0,0,19,1,1,4.6467,4,10,0,16,10,1,4,0,0,0,1,1,1,1,0,3,0,4,0,40,1,0,0,1
98,3,1,0,4,0,1,4,0,3,26,0,0,4.8841,2,19,1,13,41,1,2,0,0,0,1,1,0,0,1,1,1,7,1,29,0,0,1,1
21,1,0,0,3,0,0,0,0,0,0,0,1,3.8802,0,8,0,1,0,0,0,0,0,0,0,1,1,0,0,8,0,14,0,2952,1,1,1,0
37,1,0,0,5,0,0,0,0,0,0,0,1,4.0546,0,7,0,18,0,0,0,0,0,0,0,0,0,0,0,18,0,13,0,680,1,1,1,0
145,5,4,3,5,0,0,0,0,0,22,0,1,5.009,4,10,0,92,0,1,4,0,0,0,1,0,1,0,0,0,1,6,1,88,1,0,1,1
23,1,0,0,3,0,0,0,0,0,0,0,1,3.7951,0,6,0,5,0,0,0,0,0,0,0,1,0,0,0,15,0,12,0,3989,1,1,1,0
101,4,0,2,5,0,0,0,15,0,32,1,0,5.0515,1,10,0,75,0,1,2,5,0,0,1,1,1,0,1,1,1,7,0,55,0,0,1,1
46,1,1,0,4,0,0,0,0,0,8,0,1,4.6297,0,22,1,13,0,1,1,0,0,0,1,0,1,0,0,4,1,1,0,35,1,1,0,1
30,1,0,0,3,0,0,0,0,0,0,0,1,3.9362,0,9,0,9,0,0,0,0,0,0,0,1,1,0,0,13,0,8,0,4265,1,1,1,0
109,3,0,1,5,0,1,2,0,1,25,0,1,5.1033,2,15,0,43,26,1,2,0,0,1,1,1,0,1,1,2,1,3,1,81,1,1,1,1
41,1,0,0,4,0,1,1,0,0,4,0,1,4.3546,0,6,0,15,8,0,0,0,0,0,0,0,0,0,0,3,0,8,0,396,1,1,1,0
77,4,4,1,5,0,0,0,0,0,21,1,0,4.8402,1,10,1,50,0,1,2,0,0,0,1,1,0,0,0,2,0,2,1,53,0,0,1,1
37,1,0,0,3,0,1,1,0,0,4,0,1,4.348,0,9,0,8,8,0,0,0,0,0,0,1,0,0,0,19,0,13,0,1979,1,1,1,0
38,2,0,0,3,0,1,1,0,0,4,0,1,4.4714,1,7,0,6,8,0,0,0,0,0,0,0,0,0,0,17,0,4,0,2891,1,1,1,0
37,1,0,0,5,0,0,0,0,0,0,0,1,4.2035,0,7,0,18,0,0,0,0,0,0,0,0,0,0,0,7,0,13,0,1059,1,1,1,0
19,1,0,0,3,0,0,0,0,0,0,0,1,3.4316,0,6,0,1,0,0,0,0,0,0,0,0,0,0,0,11,0,6,0,839,1,1,1,0
25,2,0,0,3,0,0,0,0,0,0,0,1,3.5435,1,7,0,1,0,0,0,0,0,0,0,0,0,0,0,7,0,10,0,1410,1,1,1,0
21,1,0,0,3,0,0,0,0,0,0,0,1,3.8442,0,8,0,1,0,0,0,0,0,0,0,0,0,0,0,16,0,13,0,3353,1,1,1,0
40,1,1,0,4,0,0,0,0,0,6,0,0,4.4276,0,10,1,20,0,1,1,0,0,0,1,0,0,0,1,5,0,7,1,7,0,0,1,1
55,4,0,0,4,0,0,0,0,0,6,0,1,4.3154,3,8,0,13,0,1,3,0,0,0,1,1,1,0,0,5,1,3,1,21,1,0,1,1
30,1,0,0,3,0,0,0,0,0,0,0,1,3.6159,0,10,0,8,0,0,0,0,0,0,0,0,0,0,0,2,0,10,0,1448,1,1,1,0
44,2,0,0,5,0,0,0,0,0,0,0,1,4.2239,1,7,0,20,0,0,0,0,0,0,0,0,0,0,0,15,0,13,0,955,1,1,1,0
41,2,0,0,3,0,1,1,0,0,4,0,1,4.2963,1,10,0,6,8,0,0,0,0,0,0,0,0,0,0,20,0,7,0,767,1,1,1,0
30,2,0,0,3,0,0,0,0,0,0,0,1,3.8314,1,7,0,6,0,0,0,0,0,0,0,0,0,0,0,3,0,13,0,2813,1,1,1,0
29,2,0,0,3,0,0,0,0,0,0,0,1,3.8144,1,8,0,5,0,0,0,0,0,0,0,1,0,0,0,4,0,11,0,463,1,1,1,0
141,4,4,1,5,0,0,0,18,0,23,0,1,5.1779,3,16,1,92,0,1,3,6,0,0,1,1,1,0,0,0,0,2,1,41,1,0,1,1
135,3,1,0,5,0,1,4,0,3,34,0,1,5.1783,2,18,0,46,45,1,2,0,1,0,1,0,1,0,0,4,0,4,1,74,1,1,1,1
21,1,0,0,3,0,0,0,0,0,0,0,1,3.8802,0,8,0,1,0,0,0,0,0,0,0,1,0,0,0,15,0,5,0,2646,1,1,1,0
24,1,0,0,3,0,0,0,0,0,0,0,1,3.7364,0,6,0,6,0,0,0,0,0,0,0,0,0,0,0,4,0,7,0,2824,1,1,1,0
61,6,1,0,4,0,0,0,0,0,13,1,0,4.3116,3,10,0,20,0,1,4,0,0,0,1,1,0,0,1,2,1,2,0,18,0,0,1,1
36,2,0,0,4,0,0,0,0,0,0,0,1,4.0697,1,7,0,12,0,0,0,0,0,0,0,0,0,0,0,5,0,14,0,2247,1,1,1,0
40,1,0,0,4,0,1,1,0,0,3,0,1,4.3842,0,7,0,14,7,0,0,0,0,0,0,0,0,0,0,8,0,3,0,1613,1,1,1,0
135,5,3,0,5,0,0,0,9,0,22,0,0,5.0481,4,21,0,74,0,1,4,3,0,0,1,1,1,1,0,4,1,7,1,33,0,0,1,1
127,3,1,0,5,0,1,2,0,1,33,0,0,5.0654,2,16,1,61,24,1,3,0,0,0,1,1,0,1,0,0,0,1,0,3,0,0,1,1
139,6,0,1,5,0,1,2,0,1,45,1,0,5.0941,3,10,0,77,21,1,4,0,0,0,1,1,1,0,0,5,0,4,0,90,0,0,1,1
43,2,0,0,4,0,0,0,0,0,0,0,1,4.0605,1,13,0,14,0,0,0,0,0,0,0,0,0,0,0,19,0,6,0,4962,1,1,1,0
184,3,1,1,5,0,1,4,0,3,46,0,1,5.2101,2,22,1,94,43,1,3,0,0,0,1,0,0,0,0,0,0,3,0,36,1,0,1,1
41,1,0,0,5,0,1,1,0,0,4,0,1,4.2571,0,6,0,15,8,0,0,0,0,0,0,1,0,0,0,16,0,15,0,2993,1,1,1,0
44,1,0,0,5,0,0,0,0,0,0,0,1,4.0792,0,13,0,19,0,0,0,0,0,0,0,0,0,0,0,19,0,9,0,4095,1,1,1,0
153,3,1,1,5,0,1,5,0,4,52,1,0,5.1334,0,10,1,77,56,1,1,0,0,0,1,1,0,1,0,4,1,6,1,24,0,0,1,1
22,2,0,0,3,0,0,0,0,0,0,0,1,3.6069,1,4,0,1,0,0,0,0,0,0,0,1,0,0,0,19,0,8,0,3565,1,1,1,0
36,1,0,0,5,0,0,0,0,0,0,0,1,4.0204,0,9,0,15,0,0,0,0,0,0,0,0,0,0,0,15,0,11,0,666,1,1,1,0
23,1,0,0,3,0,0,0,0,0,0,0,1,3.6212,0,6,0,5,0,0,0,0,0,0,0,0,0,0,0,20,0,9,0,4393,1,1,1,0
113,3,1,0,5,0,0,0,0,0,27,0,1,5.1327,2,7,0,81,0,1,3,0,0,0,1,1,1,0,0,2,0,2,0,18,1,0,0,1
31,1,0,0,4,0,0,0,0,0,0,0,1,3.8213,0,6,0,13,0,0,0,0,0,0,0,0,0,0,0,12,0,3,0,1309,1,1,1,0
25,1,0,0,3,0,0,0,0,0,0,0,1,3.9133,0,8,0,5,0,0,0,0,0,0,0,1,0,0,0,9,0,15,0,3582,1,1,1,0
107,3,1,1,5,0,1,1,0,0,19,0,0,5.0272,2,21,1,47,12,1,2,0,1,0,1,1,1,1,0,2,1,2,1,59,0,0,1,1
121,5,1,0,4,0,1,5,0,4,30,0,1,4.9961,4,13,0,12,55,1,5,0,0,0,1,1,1,0,1,1,1,1,1,19,1,0,1,1
71,4,1,0,4,0,1,1,0,0,11,0,0,4.7541,3,16,0,13,10,1,4,0,0,0,1,1,1,0,0,2,1,4,1,56,0,0,1,1
95,3,1,0,5,0,0,0,0,0,11,0,0,4.662,2,26,1,39,0,1,2,0,0,0,1,1,0,0,1,3,1,4,0,62,0,0,1,1
31,2,0,0,3,0,0,0,0,0,0,0,1,4.0424,1,9,0,5,0,0,0,0,0,0,0,0,0,0,0,9,0,14,0,2880,1,1,1,0
107,3,2,1,5,0,1,3,0,2,28,0,0,4.9913,2,7,0,40,34,1,3,0,0,0,1,1,1,1,0,3,1,6,0,61,0,0,1,1
155,4,2,2,5,0,1,4,0,3,57,1,0,5.1063,1,10,0,88,41,1,1,0,0,1,1,0,1,0,0,3,1,2,0,30,0,0,1,1
62,2,1,0,4,0,1,2,0,1,16,0,0,4.8367,1,11,0,12,20,1,2,0,0,0,1,1,1,0,0,2,1,7,1,73,0,0,0,1
27,1,0,0,4,0,0,0,0,0,0,0,1,4.0603,0,6,0,9,0,0,0,0,0,0,0,0,0,0,0,14,0,12,0,4326,1,1,1,0
60,2,1,0,4,1,1,1,0,0,10,0,0,4.9276,1,18,1,13,11,1,2,0,0,0,1,0,1,1,1,5,0,8,1,48,0,0,1,1
24,1,0,0,3,0,0,0,0,0,0,0,1,3.8554,0,7,0,5,0,0,0,0,0,0,0,0,0,0,0,13,0,4,0,3942,1,1,1,0
29,1,0,0,4,0,0,0,0,0,0,0,1,3.9783,0,7,0,10,0,0,0,0,0,0,0,0,0,0,0,19,0,15,0,2171,1,1,1,0
29,1,0,0,4,0,0,0,0,0,0,0,1,4.1683,0,8,0,9,0,0,0,0,0,0,0,1,0,0,0,9,0,6,0,780,1,1,1,0
143,4,2,1,5,0,1,5,0,4,44,0,0,4.9811,3,16,1,42,54,1,3,0,0,0,1,1,1,1,0,5,1,1,1,72,0,0,1,1
98,2,1,0,5,1,0,0,15,0,27,0,1,4.916,1,7,0,71,0,1,2,5,0,0,1,1,1,0,1,4,0,1,0,66,1,1,1,1
38,1,0,0,5,0,0,0,0,0,0,0,1,3.9354,0,9,0,17,0,0,0,0,0,0,0,0,0,0,0,4,0,15,0,750,1,1,1,0
27,1,0,0,3,0,0,0,0,0,0,0,1,3.8101,0,6,0,9,0,0,0,0,0,0,0,0,0,0,0,13,0,12,0,596,1,1,1,0
82,5,4,1,5,0,0,0,0,0,24,1,1,4.9035,2,10,0,49,0,1,2,0,0,0,1,1,1,0,0,3,1,2,1,16,1,0,0,1
38,1,0,0,5,0,0,0,0,0,0,0,1,4.0079,0,7,0,19,0,0,0,0,0,0,0,0,0,0,0,12,0,14,0,624,1,1,1,0
33,2,0,0,3,0,1,1,0,0,4,0,1,4.0815,1,8,0,1,8,0,0,0,0,0,0,0,1,0,0,16,0,14,0,432,1,1,1,0
30,1,0,0,3,0,1,1,0,0,4,0,1,4.1899,0,9,0,1,8,0,0,0,0,0,0,0,0,0,0,19,0,7,0,4251,1,1,1,0
56,4,0,0,4,0,0,0,0,0,6,0,0,4.2164,3,8,0,13,0,1,3,0,0,0,1,0,1,1,0,2,0,6,0,2,0,0,1,1
110,3,1,0,5,0,1,3,0,2,29,0,0,5.0968,2,7,0,47,30,1,3,0,0,0,1,1,1,1,1,5,1,5,0,33,0,0,1,1
41,2,0,0,4,0,1,1,0,0,4,0,1,4.3059,1,7,0,10,8,0,0,0,0,0,0,1,0,0,0,4,0,14,0,982,1,1,1,0
34,1,0,0,3,0,0,0,0,0,0,0,1,4.0912,0,13,0,9,0,0,0,0,0,0,0,0,0,0,0,7,0,5,0,1011,1,1,1,0
19,1,0,0,3,0,0,0,0,0,0,0,1,3.6421,0,6,0,1,0,0,0,0,0,0,0,0,0,0,0,11,0,15,0,3950,1,1,1,0
111,3,3,2,5,0,0,0,0,0,35,1,0,5.0855,0,10,0,90,0,1,1,0,0,1,1,1,1,0,1,2,0,2,0,41,0,0,1,1
24,2,0,0,3,0,0,0,0,0,0,0,1,3.8554,1,6,0,1,0,0,0,0,0,0,0,0,1,0,0,19,0,9,0,3400,1,1,1,0
18,1,0,0,3,0,0,0,0,0,0,0,1,3.2663,0,5,0,1,0,0,0,0,0,0,0,1,0,0,0,10,0,11,0,888,1,1,1,0
36,1,0,0,5,0,0,0,0,0,0,0,1,4.1151,0,7,0,17,0,0,0,0,0,0,0,1,0,0,0,19,0,5,0,2771,1,1,1,0
34,1,0,0,5,0,0,0,0,0,0,0,1,3.746,0,7,0,15,0,0,0,0,0,0,0,1,1,0,0,5,0,9,0,682,1,1,1,0
20,1,0,0,3,0,0,0,0,0,0,0,1,3.5464,0,7,0,1,0,0,0,0,0,0,0,0,0,0,0,20,0,4,0,870,1,1,1,0
26,1,0,0,4,0,0,0,0,0,0,0,1,3.9022,0,3,0,11,0,0,0,0,0,0,0,1,0,0,0,13,0,5,0,4016,1,1,1,0
64,3,0,0,4,0,1,3,0,2,27,1,1,4.8042,0,10,0,13,31,1,1,0,0,0,1,1,1,0,0,4,1,5,0,28,1,0,1,1
48,3,0,0,4,0,0,0,0,0,6,0,1,4.3971,2,10,0,13,0,1,3,0,0,0,1,1,1,1,0,2,1,8,1,60,1,1,1,1
63,3,0,0,4,0,1,2,0,1,15,0,1,4.9213,2,8,1,11,19,1,3,0,0,0,1,1,1,0,0,2,1,5,1,26,1,1,1,1
71,5,0,0,4,0,1,1,0,0,11,0,1,4.6514,4,8,1,13,10,1,4,0,0,0,1,1,0,1,0,5,1,4,0,73,1,0,1,1
22,1,0,0,3,0,0,0,0,0,0,0,1,3.8454,0,6,0,4,0,0,0,0,0,0,0,0,0,0,0,12,0,14,0,4239,1,1,1,0
104,1,1,0,4,0,1,5,0,4,31,0,1,4.7178,0,17,1,18,58,1,1,0,0,0,1,1,1,0,0,5,1,7,0,10,1,0,1,1
100,3,0,0,5,0,0,0,0,0,31,1,1,4.9495,0,10,1,78,0,1,1,0,0,1,1,1,1,1,0,1,1,6,0,56,1,1,1,1
110,7,1,1,5,0,0,0,6,0,31,1,0,4.9589,4,10,0,57,0,1,3,2,0,0,1,1,1,1,0,4,1,1,1,77,0,0,1,1
165,1,4,1,5,0,1,4,0,3,50,0,1,5.1957,0,18,1,94,42,1,1,0,0,0,1,1,1,0,1,1,0,1,0,30,1,1,1,1
78,3,3,0,5,0,1,1,0,0,31,1,1,4.8366,0,10,1,47,10,1,1,0,0,0,1,1,1,0,1,1,0,1,0,37,1,1,1,1
46,2,0,0,5,0,1,1,0,0,4,0,1,4.3959,1,4,0,17,8,0,0,0,0,0,0,0,0,0,0,12,0,8,0,563,1,1,1,0
105,1,1,3,5,0,0,0,0,0,28,0,1,5.0828,0,18,0,75,0,1,1,0,0,1,1,0,0,0,1,5,1,7,0,19,1,0,0,1
40,2,0,0,4,0,1,1,0,0,4,0,1,4.4031,1,6,0,10,8,0,0,0,0,0,0,0,0,0,0,6,0,9,0,1224,1,1,1,0
22,1,0,0,3,0,0,0,0,0,0,0,1,3.6635,0,9,0,1,0,0,0,0,0,0,0,0,1,0,0,4,0,7,0,1003,1,1,1,0
29,1,0,0,3,0,0,0,0,0,0,0,1,4.0473,0,8,0,9,0,0,0,0,0,0,0,0,1,0,0,14,0,11,0,2872,1,1,1,0
21,1,0,0,3,0,0,0,0,0,0,0,1,3.8802,0,8,0,1,0,0,0,0,0,0,0,0,0,0,0,19,0,15,0,4335,1,1,1,0
37,2,0,0,4,0,0,0,0,0,0,0,1,4.0441,1,9,0,11,0,0,0,0,0,0,0,1,0,0,0,3,0,5,0,2193,1,1,1,0
121,4,2,0,5,0,1,1,0,0,24,0,0,4.9888,3,17,1,61,9,1,4,0,0,0,1,1,1,0,0,0,0,5,0,17,0,0,1,1
98,2,2,0,5,0,0,0,6,0,18,0,1,4.916,1,9,1,71,0,1,2,2,0,0,1,1,1,0,0,2,0,6,1,0,1,1,1,1
165,4,3,1,5,0,1,5,0,4,42,0,0,5.212,3,14,1,63,54,1,3,0,0,0,1,1,0,1,1,1,0,2,0,4,0,0,1,1
132,3,2,1,5,0,1,5,0,4,36,0,1,5.1085,2,8,1,43,55,1,3,0,0,0,1,1,0,0,0,5,0,4,0,61,1,0,0,1
69,2,2,0,4,0,1,1,0,0,9,0,1,4.6319,1,15,0,20,15,1,2,0,0,1,0,1,1,1,1,4,0,5,1,6,1,0,1,1
146,2,0,0,5,0,1,5,9,4,40,0,1,5.0969,1,10,0,59,57,1,2,3,0,0,1,0,1,0,0,3,0,5,0,8,1,1,1,1
88,6,1,1,5,0,0,0,0,0,22,1,1,4.8445,3,10,0,47,0,1,4,0,0,0,1,0,1,0,0,2,1,2,0,80,1,0,1,1
98,4,0,0,4,0,1,4,18,3,25,0,1,4.8824,3,8,0,16,40,1,4,6,0,0,1,1,1,0,0,3,0,6,1,22,1,0,1,1
180,3,3,1,5,1,1,5,0,4,49,0,0,5.1605,2,21,0,75,58,1,3,0,0,0,1,1,1,1,1,0,0,6,0,74,0,0,1,1
117,5,2,0,4,0,1,4,0,3,24,0,0,4.8192,4,13,1,20,43,1,4,0,0,0,1,1,1,0,1,1,1,5,1,44,0,0,1,1
25,2,0,0,3,0,0,0,0,0,0,0,1,4.0235,1,3,0,5,0,0,0,0,0,0,0,0,1,0,0,2,0,7,0,1550,1,1,1,0
91,4,1,0,5,0,0,0,15,0,11,0,1,4.7871,3,19,1,38,0,1,3,5,0,0,1,1,0,0,0,2,1,2,1,90,1,0,1,1
35,1,0,0,4,0,0,0,0,0,0,0,1,3.843,0,9,0,14,0,0,0,0,0,0,0,0,0,0,0,10,0,11,0,1828,1,1,1,0
77,3,1,0,4,1,1,2,0,1,16,0,0,4.8568,2,16,1,16,20,1,3,0,0,0,1,1,1,0,0,4,0,6,1,85,0,0,0,1
125,1,2,1,5,0,1,5,0,4,42,0,0,5.1303,0,8,0,57,49,1,1,0,0,1,1,1,0,1,1,3,0,4,1,54,0,0,1,1
100,3,0,1,5,0,1,3,0,2,24,0,0,5.0858,2,10,1,34,32,1,2,0,0,0,1,0,1,0,0,2,1,4,0,42,0,0,1,1
32,1,0,0,4,0,0,0,0,0,0,0,1,3.8011,0,7,0,13,0,0,0,0,0,0,0,0,0,0,0,20,0,6,0,3176,1,1,1,0
37,1,0,0,3,0,1,1,0,0,4,0,1,4.263,0,9,0,8,8,0,0,0,0,0,0,0,0,0,0,15,0,12,0,1494,1,1,1,0
123,5,0,2,5,0,1,3,0,2,39,1,0,5.1431,2,10,0,53,34,1,3,0,0,0,1,1,1,0,1,5,1,8,0,48,0,0,1,1
26,1,0,0,3,0,0,0,0,0,0,0,1,3.998,0,13,0,1,0,0,0,0,0,0,0,1,0,0,0,18,0,11,0,1654,1,1,1,0
126,2,1,6,5,0,0,0,0,0,21,0,0,5.0832,1,23,1,84,0,1,2,0,1,0,1,0,0,0,1,5,1,2,1,17,0,0,1,1
100,3,0,1,5,0,1,4,0,3,42,1,1,4.8929,0,10,0,35,43,1,1,0,1,0,1,1,1,1,1,5,1,8,1,71,1,0,0,1
141,3,2,1,5,0,1,2,9,1,32,0,1,5.1509,2,18,1,77,20,1,3,3,0,0,1,1,1,0,0,4,1,6,0,48,1,0,1,1
61,1,2,0,5,0,0,0,12,0,10,0,0,4.6234,0,16,0,34,0,1,1,4,0,0,0,0,1,0,1,0,1,8,0,33,0,0,1,1
40,2,0,0,4,0,0,0,0,0,6,0,1,4.1464,1,8,0,12,0,1,2,0,0,0,1,1,1,1,1,0,1,5,1,1,1,1,1,1
42,2,0,0,4,0,1,1,0,0,4,0,1,4.4336,1,7,0,10,8,0,0,0,0,0,0,0,0,0,0,18,0,7,0,4852,1,1,1,0
65,3,1,0,4,0,1,1,0,0,11,0,0,4.6896,2,15,1,14,11,1,3,0,0,0,1,1,1,1,1,0,1,5,1,63,0,0,1,1
40,2,0,0,4,0,0,0,0,0,0,0,1,3.7848,1,10,0,13,0,0,0,0,0,0,0,1,1,0,0,8,0,9,0,3054,1,1,1,0
172,2,3,0,5,0,1,5,18,4,47,0,1,5.1401,1,9,0,81,62,1,1,6,0,0,1,1,0,0,0,1,1,8,1,89,1,0,1,1
133,1,2,1,5,0,1,5,0,4,37,0,1,5.1296,0,20,0,52,49,1,1,0,0,0,1,1,1,1,0,3,0,2,0,49,1,0,1,1
48,1,0,0,5,0,1,1,0,0,4,0,1,4.27,0,7,0,21,8,0,0,0,0,0,0,0,0,0,0,14,0,5,0,3400,1,1,1,0
25,2,0,0,3,0,0,0,0,0,0,0,1,3.6693,1,7,0,1,0,0,0,0,0,0,0,0,1,0,0,10,0,13,0,3315,1,1,1,0
76,4,0,3,5,0,0,0,0,0,20,1,0,4.69,1,10,1,47,0,1,1,0,0,0,1,1,1,0,1,0,1,5,1,27,0,0,0,1
114,4,2,2,5,1,0,0,0,0,37,1,0,5.1413,1,10,0,87,0,1,2,0,0,0,1,1,0,0,1,4,0,2,1,48,0,0,1,1
147,3,3,1,5,0,1,3,0,2,40,0,0,5.1538,2,11,1,76,35,1,3,0,0,0,1,1,1,0,1,4,1,7,1,43,0,0,1,1
31,2,0,0,3,0,1,1,0,0,4,0,1,4.1715,1,5,0,1,8,0,0,0,0,0,0,0,0,0,0,20,0,10,0,4989,1,1,1,0
136,4,1,3,5,0,0,0,0,0,32,0,0,5.128,3,11,1,93,0,1,4,0,0,0,1,1,0,0,1,1,0,7,1,71,0,0,0,1
95,4,0,0,5,0,0,0,0,0,13,0,0,4.7493,3,10,0,51,0,1,3,0,0,0,1,0,0,1,0,5,1,1,1,36,0,0,1,1
41,2,0,0,3,0,1,1,0,0,4,0,1,4.2571,1,10,0,6,8,0,0,0,0,0,0,1,0,0,0,20,0,6,0,2273,1,1,1,0
73,1,2,0,5,0,0,0,0,0,14,0,0,4.7907,0,20,1,42,0,1,1,0,0,0,1,0,0,1,0,1,1,3,0,59,0,0,1,1
31,1,0,0,4,0,0,0,0,0,0,0,1,3.9779,0,9,0,10,0,0,0,0,0,0,0,0,0,0,0,19,0,9,0,2476,1,1,1,0
38,1,0,0,5,0,0,0,0,0,0,0,1,4.0933,0,9,0,17,0,0,0,0,0,0,0,1,1,0,0,14,0,8,0,3477,1,1,1,0
81,3,1,0,4,0,1,2,6,1,17,0,1,4.8173,2,17,0,16,22,1,2,2,0,0,1,1,1,0,1,4,1,1,0,63,1,1,0,1
53,2,1,0,4,0,0,0,9,0,6,0,1,4.7041,1,16,1,16,0,1,2,3,0,0,1,1,1,1,1,3,0,4,1,89,1,1,0,1
32,2,0,0,4,0,0,0,0,0,0,0,1,3.9292,1,7,0,8,0,0,0,0,0,0,0,0,0,0,0,9,0,10,0,3197,1,1,1,0
21,1,0,0,3,0,0,0,0,0,0,0,1,3.749,0,8,0,1,0,0,0,0,0,0,0,0,0,0,0,5,0,12,0,2381,1,1,1,0
123,2,1,2,5,0,1,2,0,1,32,0,0,5.2197,1,10,1,72,19,1,2,0,0,0,1,0,1,0,0,1,1,7,1,3,0,0,0,1
130,2,4,2,5,0,0,0,0,0,24,0,1,5.0332,1,15,0,95,0,1,2,0,0,0,1,1,1,0,0,4,1,5,0,30,1,1,0,1
175,5,3,2,5,1,1,4,0,3,44,0,1,5.1411,4,17,0,78,41,1,4,0,0,0,1,1,1,1,0,1,1,7,0,39,1,1,1,1
33,1,0,0,4,0,0,0,0,0,0,0,1,4.0518,0,7,0,14,0,0,0,0,0,0,0,0,1,0,0,5,0,14,0,3111,1,1,1,0
151,2,2,3,5,0,1,4,0,3,42,0,0,5.2467,1,15,0,80,38,1,2,0,1,0,1,1,1,1,1,5,0,6,0,43,0,0,0,1
35,2,0,0,3,0,0,0,0,0,0,0,1,4.0472,1,13,0,5,0,0,0,0,0,0,0,0,1,0,0,4,0,4,0,4412,1,1,1,0
20,1,0,0,3,0,0,0,0,0,0,0,1,3.5842,0,7,0,1,0,0,0,0,0,0,0,0,1,0,0,3,0,13,0,2149,1,1,1,0
53,4,0,0,4,0,0,0,3,0,5,0,0,4.4776,3,9,0,11,0,1,4,1,0,0,1,1,1,0,1,1,0,7,0,88,0,0,1,1
29,1,0,0,4,0,0,0,0,0,0,0,1,3.768,0,4,0,13,0,0,0,0,0,0,0,0,0,0,0,8,0,8,0,1344,1,1,1,0
36,1,0,0,5,0,0,0,0,0,0,0,1,3.8747,0,7,0,17,0,0,0,0,0,0,0,0,0,0,0,12,0,15,0,4715,1,1,1,0
81,5,1,0,4,0,1,1,0,0,10,0,1,4.8305,4,20,1,13,10,1,4,0,0,0,1,1,1,0,1,3,1,4,0,34,1,0,1,1
53,1,0,0,4,0,1,2,0,1,16,0,0,4.6001,0,8,0,13,21,1,1,0,0,0,1,1,1,1,0,5,1,3,0,47,0,0,1,1
32,2,0,0,3,0,1,1,0,0,3,0,1,4.3042,1,7,0,1,7,0,0,0,0,0,0,1,0,0,0,4,0,12,0,2229,1,1,1,0
39,1,0,0,5,0,0,0,0,0,0,0,1,3.7921,0,6,0,21,0,0,0,0,0,0,0,0,0,0,0,20,0,3,0,1621,1,1,1,0
29,1,0,0,4,0,0,0,0,0,0,0,1,3.7285,0,7,0,10,0,0,0,0,0,0,0,1,0,0,0,4,0,9,0,4588,1,1,1,0
26,2,0,0,3,0,0,0,0,0,0,0,1,3.9022,1,8,0,1,0,0,0,0,0,0,0,1,0,0,0,15,0,9,0,737,1,1,1,0
129,1,2,2,5,0,1,4,0,3,35,0,0,5.2025,0,15,0,58,45,1,1,0,0,0,1,1,1,0,0,0,0,6,0,13,0,0,1,1
58,4,0,0,4,0,1,2,0,1,24,1,0,4.6125,1,10,1,12,20,1,2,0,0,0,1,1,1,0,0,0,1,5,0,45,0,0,1,1
16,1,0,0,3,0,0,0,0,0,0,0,1,3.4528,0,3,0,1,0,0,0,0,0,0,0,0,0,0,0,18,0,13,0,4440,1,1,1,0
69,5,1,0,4,0,0,0,0,0,4,0,0,4.5035,4,17,0,13,0,1,4,0,0,0,0,1,1,0,1,3,0,6,1,30,0,0,1,1
20,1,0,0,3,0,0,0,0,0,0,0,1,3.4842,0,7,0,1,0,0,0,0,0,0,0,0,0,0,0,13,0,7,0,1841,1,1,1,0
38,2,0,0,3,0,1,1,0,0,3,0,1,4.4316,1,9,0,5,7,0,0,0,0,0,0,0,0,0,0,15,0,6,0,1576,1,1,1,0
116,5,1,1,5,0,0,0,0,0,15,0,0,4.9461,4,17,0,60,0,1,2,0,0,0,1,0,1,0,0,5,0,6,0,16,0,0,0,1
35,1,0,0,4,0,0,0,0,0,0,0,1,3.8074,0,9,0,14,0,0,0,0,0,0,0,1,0,0,0,2,0,8,0,2077,1,1,1,0
31,2,0,0,3,0,0,0,0,0,0,0,1,3.7442,1,6,0,9,0,0,0,0,0,0,0,0,1,0,0,7,0,10,0,4182,1,1,1,0
80,2,1,0,4,0,1,3,0,2,21,0,0,4.98,1,17,0,14,31,1,2,0,0,0,1,1,1,1,0,1,1,1,0,21,0,0,1,1
39,1,0,0,5,0,0,0,0,0,0,0,1,3.5927,0,6,0,21,0,0,0,0,0,0,0,0,1,0,0,13,0,14,0,2300,1,1,1,0
21,1,0,0,3,0,0,0,0,0,0,0,1,3.8442,0,8,0,1,0,0,0,0,0,0,0,0,0,0,0,4,0,7,0,3637,1,1,1,0
41,1,0,0,5,0,1,1,0,0,4,0,1,4.4218,0,7,0,14,8,0,0,0,0,0,0,0,0,0,0,15,0,7,0,633,1,1,1,0
92,4,1,1,5,0,0,0,0,0,13,0,0,4.7695,3,15,1,43,0,1,4,0,0,1,1,1,1,0,0,1,1,3,1,88,0,0,1,1
28,1,0,0,4,0,0,0,0,0,0,0,1,3.7943,0,7,0,9,0,0,0,0,0,0,0,1,0,0,0,15,0,12,0,1843,1,1,1,0
32,1,0,0,5,0,0,0,0,0,0,0,1,3.8553,0,6,0,14,0,0,0,0,0,0,0,0,0,0,0,9,0,14,0,2744,1,1,1,0
29,1,0,0,4,0,0,0,0,0,0,0,1,3.5645,0,7,0,10,0,0,0,0,0,0,0,0,0,0,0,4,0,14,0,2705,1,1,1,0
24,1,0,0,3,0,0,0,0,0,0,0,1,3.8554,0,8,0,4,0,0,0,0,0,0,0,1,0,0,0,7,0,14,0,3950,1,1,1,0
177,6,1,1,5,0,1,4,0,3,57,1,1,5.1633,3,10,1,89,45,1,4,0,0,0,1,0,1,0,1,4,1,3,1,39,1,0,1,1
18,1,0,0,3,0,0,0,0,0,0,0,1,3.7947,0,5,0,1,0,0,0,0,0,0,0,0,0,0,0,8,0,3,0,4883,1,1,1,0
116,1,1,2,5,0,1,3,0,2,33,0,0,5.2114,0,17,0,59,29,1,1,0,0,0,1,0,1,1,1,4,1,2,1,89,0,0,1,1
24,1,0,0,3,0,0,0,0,0,0,0,1,3.6573,0,7,0,5,0,0,0,0,0,0,0,0,1,0,0,4,0,6,0,3206,1,1,1,0
27,2,0,0,3,0,0,0,0,0,0,0,1,3.7821,1,9,0,1,0,0,0,0,0,0,0,0,1,0,0,17,0,11,0,1717,1,1,1,0
122,4,0,0,4,0,1,5,0,4,31,0,1,4.8444,3,8,1,16,62,1,4,0,0,0,1,1,1,0,0,1,0,5,0,56,1,0,1,1
28,1,0,0,4,0,0,0,0,0,0,0,1,3.8249,0,6,0,10,0,0,0,0,0,0,0,0,0,0,0,4,0,10,0,523,1,1,1,0
118,4,0,0,4,0,1,5,0,4,29,0,1,4.8916,3,9,0,18,57,1,4,0,0,0,1,1,1,0,0,1,1,1,0,13,1,0,1,1
20,1,0,0,3,0,0,0,0,0,0,0,1,3.3087,0,7,0,1,0,0,0,0,0,0,0,0,0,0,0,11,0,9,0,377,1,1,1,0
97,5,0,0,5,0,0,0,0,0,11,0,1,4.9102,4,9,0,47,0,1,5,0,0,0,1,1,1,0,0,3,0,3,0,38,1,0,0,1
95,2,1,0,4,0,1,4,18,3,30,0,0,4.9525,1,16,1,13,49,1,2,6,1,0,1,1,0,1,0,2,1,3,0,56,0,0,1,1
69,1,2,1,5,0,0,0,12,0,9,0,1,4.7883,0,8,1,46,0,1,1,4,0,0,1,1,1,1,0,2,0,4,0,31,1,0,1,1
28,2,0,0,3,0,0,0,0,0,0,0,1,3.7709,1,6,0,5,0,0,0,0,0,0,0,0,0,0,0,13,0,3,0,3626,1,1,1,0
45,1,0,0,5,0,1,1,0,0,4,0,1,4.4171,0,7,0,18,8,0,0,0,0,0,0,0,0,0,0,11,0,3,0,365,1,1,1,0
19,1,0,0,3,0,0,0,0,0,0,0,1,3.5369,0,6,0,1,0,0,0,0,0,0,0,0,0,0,0,5,0,5,0,2531,1,1,1,0
28,1,0,0,4,0,0,0,0,0,0,0,1,3.9233,0,3,0,13,0,0,0,0,0,0,0,0,0,0,0,19,0,8,0,3509,1,1,1,0
157,4,3,2,5,0,1,4,0,3,45,0,1,5.1272,3,10,1,76,39,1,3,0,1,0,1,0,1,1,0,0,0,2,0,65,1,0,1,1
148,4,2,0,5,0,1,2,0,1,28,0,0,5.135,3,15,0,75,26,1,3,0,1,0,1,1,1,0,0,3,1,5,0,32,0,0,1,1
127,5,3,2,5,0,1,2,0,1,25,0,1,5.2117,4,16,0,50,19,1,4,0,0,0,1,0,0,1,1,0,1,7,0,45,1,1,1,1
30,1,0,0,5,0,0,0,0,0,0,0,1,4.0029,0,3,0,15,0,0,0,0,0,0,0,0,1,0,0,17,0,14,0,4654,1,1,1,0
40,1,0,0,4,0,1,1,0,0,4,0,1,4.3628,0,6,0,14,8,0,0,0,0,0,0,0,0,0,0,5,0,5,0,1080,1,1,1,0
54,6,0,0,4,0,0,0,0,0,16,1,0,4.4348,3,10,0,12,0,1,4,0,0,0,1,1,0,1,0,4,0,5,0,88,0,0,1,1
80,4,1,0,4,0,1,2,0,1,14,0,0,4.7434,3,14,0,12,21,1,3,0,0,0,0,1,1,1,1,2,1,3,0,10,0,0,1,1
29,2,0,0,3,0,0,0,0,0,0,0,1,3.9094,1,7,0,5,0,0,0,0,0,0,0,0,0,0,0,6,0,7,0,1508,1,1,1,0
36,2,0,0,3,0,1,1,0,0,4,0,1,4.1206,1,6,0,5,8,0,0,0,0,0,0,0,0,0,0,7,0,14,0,1377,1,1,1,0
23,2,0,0,3,0,0,0,0,0,0,0,1,3.6753,1,5,0,1,0,0,0,0,0,0,0,0,0,0,0,18,0,7,0,386,1,1,1,0
92,2,1,0,4,0,1,4,0,3,28,0,0,4.9402,1,16,0,12,46,1,2,0,0,0,1,1,1,0,0,0,1,4,1,42,0,0,1,1
31,3,0,0,4,0,0,0,3,0,12,1,0,4.0668,0,10,0,13,0,1,1,1,0,0,1,1,1,0,1,4,1,8,1,28,0,0,1,1
26,1,0,0,3,0,0,0,0,0,0,0,1,3.998,0,13,0,1,0,0,0,0,0,0,0,0,1,0,0,11,0,3,0,2922,1,1,1,0
26,1,0,0,4,0,0,0,0,0,0,0,1,3.9312,0,5,0,9,0,0,0,0,0,0,0,1,0,0,0,7,0,5,0,3905,1,1,1,0
34,1,0,0,5,0,0,0,0,0,0,0,1,3.6428,0,7,0,15,0,0,0,0,0,0,0,0,0,0,0,4,0,7,0,4057,1,1,1,0
123,1,1,0,5,0,1,5,0,4,41,0,0,5.0183,0,7,1,53,49,1,1,0,0,0,1,1,1,1,0,0,0,1,1,55,0,0,1,1
43,2,0,0,4,0,1,1,0,0,4,0,1,4.4609,1,9,0,9,8,0,0,0,0,0,0,0,0,0,0,2,0,12,0,918,1,1,1,0
27,1,0,0,3,0,0,0,0,0,0,0,1,3.9023,0,10,0,5,0,0,0,0,0,0,0,1,0,0,0,14,0,11,0,1408,1,1,1,0
135,4,6,3,5,0,0,0,0,0,27,0,0,5.1298,3,14,0,89,0,1,3,0,0,0,1,0,1,0,1,5,0,8,1,88,0,0,1,1
31,1,0,0,3,0,1,1,0,0,4,0,1,4.3005,0,6,0,5,8,0,0,0,0,0,0,0,1,0,0,17,0,14,0,3892,1,1,1,0
132,6,2,0,5,0,1,2,9,1,41,1,0,5.1159,3,10,0,70,20,1,3,3,0,0,1,0,1,1,0,1,1,4,0,59,0,0,1,1
33,2,0,0,4,0,0,0,0,0,0,0,1,3.9306,1,6,0,10,0,0,0,0,0,0,0,0,0,0,0,17,0,3,0,419,1,1,1,0
39,3,0,0,4,0,0,0,0,0,14,1,1,4.0579,0,10,0,18,0,1,1,0,0,0,1,0,1,1,0,4,1,7,0,43,1,0,1,1
29,1,0,0,4,0,0,0,0,0,0,0,1,3.4956,0,7,0,10,0,0,0,0,0,0,0,1,0,0,0,4,0,14,0,4120,1,1,1,0
86,4,2,0,5,1,0,0,0,0,13,0,0,4.825,3,15,0,39,0,1,4,0,0,0,1,1,1,1,0,3,0,4,0,11,0,0,0,1
32,1,0,0,4,0,0,0,0,0,0,0,1,3.9261,0,7,0,13,0,0,0,0,0,0,0,0,1,0,0,20,0,4,0,965,1,1,1,0
30,1,0,0,5,0,0,0,0,0,0,0,1,3.1526,0,3,0,15,0,0,0,0,0,0,0,0,0,0,0,8,0,10,0,2938,1,1,1,0
104,7,3,0,5,0,0,0,0,0,23,1,1,4.7592,4,10,1,57,0,1,3,0,0,0,1,0,1,0,1,5,1,7,0,51,1,1,1,1
29,1,0,0,4,0,0,0,0,0,0,0,1,3.647,0,3,0,14,0,0,0,0,0,0,0,0,0,0,0,9,0,4,0,4125,1,1,1,0
37,1,0,0,5,0,0,0,0,0,0,0,1,3.7832,0,7,0,18,0,0,0,0,0,0,0,0,0,0,0,7,0,4,0,1450,1,1,1,0
96,5,1,0,4,0,1,2,0,1,18,0,1,4.8463,4,20,1,12,19,1,3,0,0,1,1,1,1,0,0,1,0,8,0,13,1,1,1,1
163,7,3,1,5,0,1,4,0,3,46,1,1,5.1954,4,10,1,74,38,1,4,0,1,0,1,1,1,0,0,3,1,6,0,64,1,0,1,1
49,1,0,0,5,0,1,1,0,0,4,0,1,4.6123,0,13,0,16,8,0,0,0,0,0,0,0,0,0,0,16,0,6,0,3754,1,1,1,0
